title,year,totalOccurrences,yearlyOccurrences
CORDON,2016,2,2
CASTLE,2016,2,2
BEHIND ENEMY LINES,2016,2,2
LITTLE BIG SHOTS MET NATHALIE MESKENS,2016,6,6
WIELRENNEN. WK. QATAR,2016,4,4
EEUWIGE ROEM,2016,4,4
HALLO TELEVISIE!,2016,3,3
LA TREVE,2016,5,5
AMERIKA KIEST,2016,2,2
JONAS & VAN GEEL,2016,13,13
BILLY CONNOLLY'S TRACKS ACROSS AMERICA,2016,3,3
DE VETSTE VAKANTIE,2016,7,7
THE BLACKLIST,2016,3,3
NIEUWE BUREN,2016,6,6
THE SHOW MUST GO ON,2016,7,7
ROYALTY,2016,13,13
GEERT HOSTE MAAKT HET LAND BETER,2016,7,7
WAUTERS & VAN GEEL IN CONCERT,2016,2,2
ALS DE DIJKEN BREKEN,2017,6,1
DEZE IS VOOR JOU,2017,3,1
SPECIAL FORCES,2017,6,1
MET MAN EN MACHT,2017,5,1
ZIJN ER NOG KROKETTEN?,2017,8,2
VELDRIJDEN. BK. OOSTENDE,2017,2,2
SPORTZOMER,2017,7,2
THE WORLD'S ODDEST ANIMAL COUPLES,2017,2,2
DE FISCUS,2017,8,2
M/V VAN HET JAAR,2017,12,8
GASTON EN LEO,2017,2,1
VELDRIJDEN. HOOGERHEIDE,2017,2,2
PLANET'S GOT TALENT,2017,3,3
DE ALLESWETER,2017,13,4
LIGT ER FLAN OP DE MONT BLANC?,2017,20,20
YOUNG VETS,2017,2,2
MIDNIGHT SUN,2017,4,4
KROONPRINSEN,2017,4,4
"DYNAMO, MAGICIAN IMPOSSIBLE",2017,4,4
NATURAL BORN HUSTLERS,2017,2,2
TENNIS. FED CUP BELGIE/ROEMENIE,2017,2,2
SYDNEY ZOO,2017,7,7
THE MISSING,2017,8,7
OP STRAAT,2017,3,3
VELDRIJDEN. LEUVEN,2017,2,2
UP IN THE AIR,2017,2,1
GEZOND VERSTAND,2017,2,2
"MEDICI, MASTERS OF FLORENCE",2017,8,8
OP ZOEK NAAR FRANKRIJK,2017,3,3
"VIRGIN ATLANTIC, UP IN THE AIR",2017,2,2
ASTRID,2017,5,5
VELDLOPEN. BK. WACHTEBEKE,2017,2,2
AMIGO'S,2017,10,10
LE SANG DE LA VIGNE,2017,2,2
WONEN.TV,2017,10,10
WIELRENNEN. 3-DAAGSE DE PANNE - KOKSIJDE,2017,4,4
ITALY'S INVISIBLE CITIES,2017,3,3
IS IN HET VIZIER,2017,2,2
BART&GASTEN,2017,4,4
THE BAND,2017,13,13
TRAPPED,2017,5,5
THIS WILD LIFE,2017,12,10
DE TOPCOLLECTIE VAN,2017,3,3
"TOM BOONEN, MY RIDE, MY FIGHT, MY LIFE",2017,3,3
CHAUSSEE D'AMOUR,2017,10,10
CATH & GASTEN,2017,8,8
WIELRENNEN. BAAN WK. HONG-KONG,2017,3,3
LETHAL WEAPON,2017,3,3
MOERKERKE EN DE VROUWEN,2017,8,8
MAG IK U KUSSEN?,2017,13,12
THE LEVEL,2017,3,3
"BURGERS' ZOO, DRUKTE IN DE DIERENTUIN",2017,11,11
MIJN POP-UP RESTAURANT,2017,27,27
JOANNA LUMLEY'S TRANS-SIBERIAN ADVENTURE,2017,3,3
HET GOEIE LEVEN,2017,19,11
21 JUMP STREET,2017,2,1
THE SILK ROAD,2017,2,2
COPY BEEST,2017,7,7
RED 2,2017,2,1
PEKING EXPRESS,2017,6,6
TOPSERVICE,2017,9,9
DE LEUGENDETECTOR,2017,5,5
RED FLAMES,2017,2,2
JANI GAAT...,2017,9,9
TURKEY WITH SIMON REEVE,2017,2,2
DE UITVERKORENEN,2017,5,5
COMEDY KINGS,2017,5,4
PRO DEO,2017,4,4
KAN U DE VRAAG NOG EENS HERHALEN?,2017,3,3
TRESPASS,2017,3,1
PERFECT?,2017,7,7
THE BOURNE ULTIMATUM,2017,2,1
KEVIN MCCLOUD'S ESCAPE TO THE WILD,2017,4,4
"6 JUIN 44, LA LUMIERE DE L'AUBE",2017,2,2
THIS IS 40,2017,2,1
"PETS, WILD AT HEART",2017,2,2
SHERLOCK,2017,3,3
KARAKTERS,2017,4,1
BASKET. EK.,2017,3,2
DE IDIOTEN,2017,4,1
MADAM SECRETARY,2017,3,3
THE LAST KINGDOM,2017,3,3
TYPISCH MENSEN,2017,8,8
DE NEVEN VAN OZCAN AKYOL,2017,4,4
VLAAMSE STREKEN,2017,3,3
GREAT AMERICAN THAW,2017,2,2
CHEF IN JE OOR,2017,6,6
TOMTESTEROM,2017,6,6
VB. EK. D. SCHIFT,2017,5,5
WANTED IN PARADISE,2017,5,5
DANNY IN ARABISTAN,2017,3,3
FOLLOW THE MONEY,2017,5,5
WIELRENNEN. EK. HERNING,2017,2,2
ALLES VOOR DE KOERS,2017,10,10
WILD THAILAND,2017,3,3
ATLETIEK. WK. LONDEN (S.),2017,2,2
"TWILIGHT V, BREAKING DAWN",2017,2,2
KANGAROO DUNDEE AND OTHER ANIMALS,2017,2,2
WIELRENNEN. RONDE VAN DE BENELUX,2017,6,6
ATLETIEK. WK. LONDEN,2017,5,5
"MARTIN CLUNES, ISLANDS OF AUSTRALIA",2017,3,3
BESTE VRIENDEN,2017,9,9
IS ER WIFI IN TAHITI?,2017,2,2
THE PERFECTIONISTS,2017,2,2
WILD MEXICO,2017,2,2
DE LEUKSTE BESTE VRIENDEN,2017,3,3
CROSSING LINES,2017,10,10
JAMIE'S SUPER FOOD,2017,6,6
TEGEN DE STERREN OP LIVE,2017,3,2
PARADE'S END,2017,5,5
FIVE DAYS,2017,2,2
RICK STEIN'S LONG WEEKENDS,2017,8,8
"CRIMINAL MINDS, BEYOND BORDERS",2017,4,4
FOREVER,2017,3,3
THE WEEK DIANA DIED,2017,2,2
2 MEISJES OP HET STRAND,2017,3,3
"HITLER AND CHURCHILL, THE EAGLE AND THE LION",2017,2,2
BARCELONA VANUIT DE HEMEL,2017,2,2
SUR LES ROUTES D'USHUAIA,2017,8,6
IN ITALIE,2017,3,3
WIELRENNEN. VUELTA,2017,23,23
DANTE'S PEAK,2017,2,2
PLANEET KUIFJE,2017,13,13
WIELRENNEN. WK. BERGEN,2017,5,5
PRISON BREAK,2017,2,2
"HELP, MIJN MAN IS EEN KLUSSER",2017,3,3
HET JOURNAAL,2017,3,2
F1. WK. GP. JAPAN,2017,2,1
HALF UUR NATUUR,2017,2,1
VB. WK. KWALIF,2017,23,14
DE BENDE HAEMERS,2017,2,2
EXPEDITIE AARDE,2017,16,16
HET RIVIERDAL VAN DE ETEL VANUIT DE HEMEL,2017,2,2
CAMPING KAREN & JAMES,2017,8,8
BLITZ,2017,2,2
VOOR DE LEEUWEN,2017,8,8
VOOR HETZELFDE GELD,2017,13,9
TYTGAT CHOCOLAT,2017,8,8
KAFKA,2017,16,16
ALLAH IN EUROPA,2017,8,8
"MOUNTAINS, LIFE ABOVE THE CLOUDS",2017,3,3
LA FORET,2017,3,3
ANIMAL HOMES,2017,2,1
SPITSBROERS,2017,10,10
THE WALL,2017,10,10
DE VRIJE MARKT,2017,12,6
MONA LISA SMILE,2017,2,1
NATURAL WORLD,2017,3,3
VELDRIJDEN. ZEVEN (S.),2017,2,1
RELLIK,2017,3,3
VELDRIJDEN. FLANDRIENCROSS,2017,2,1
COPPERS,2017,2,2
TABULA RASA,2017,6,6
HET HARDE LEVEN VAN EEN PINGUIN,2017,2,1
"JACK RYAN, SHADOW RECRUIT",2017,2,2
VELDRIJDEN. OVERIJSE,2017,2,1
VAN VLEES EN BLOED,2017,7,7
THE NIGHT MANAGER,2017,2,2
GEUBELS EN DE IDIOTEN,2017,5,5
THOMAS SPEELT HET HARD,2017,2,2
PROJECT AXEL,2017,9,9
CHAPEAU! 30 JAAR CLOUSEAU,2017,2,2
"DEATH RACE 3, INFERNO",2017,2,1
"XXX, STATE OF THE UNION",2017,2,2
"DIANA, 7 DAGEN",2017,3,3
BEAN,2017,2,2
STERACTEUR STERARTIEST,2017,9,9
OVERAL K3,2017,2,2
HUGO,2017,2,2
CHRISTMAS WITH HOLLY,2017,2,1
"MURDER, SHE WROTE",2017,7,7
CLOUSEAU DANST,2017,2,2
ONS EERSTE HUIS,2018,23,1
NANNY MCPHEE & THE BIG BANG,2018,3,1
EXODUS,2018,2,2
AND THEN THERE WERE NONE,2018,2,2
READY FOR TAKEOFF,2018,5,2
NOAH,2018,2,1
BLACK,2018,2,1
LA MAMMA,2018,6,4
LOUIS THEROUX,2018,3,3
DE WENSBOOM,2018,4,4
DE KEUKEN VAN SOFIE,2018,36,15
CATHERINE,2018,18,1
LARRY CROWNE,2018,2,1
TENNIS. DAVIS CUP,2018,6,1
VELDRIJDEN. VALKENBURG,2018,2,2
FRITS & FRANKY,2018,2,1
VB. BB. 1/2F (S.),2018,3,3
CHEZ ANNEMIE,2018,9,6
BLUE PLANET,2018,6,6
M/V/X,2018,4,4
INSURGENT,2018,2,1
HARD SUN,2018,2,2
DOOR HET HART VAN CHINA,2018,3,3
VB. C3 UEFA 1/16F,2018,8,2
BEVERLY HILLS COP II,2018,2,1
AMAZONES,2018,2,2
LAW ABIDING CITIZEN,2018,2,1
EX-GANGSTER,2018,3,3
MONK,2018,3,2
KAREN MAAKT EEN PLAAT,2018,2,2
OUTLANDER,2018,13,7
HET COLLECTIEF GEHEUGEN,2018,7,7
JOANNA LUMLEY'S JAPAN,2018,5,2
BASKET. BB. FIN,2018,2,1
VB. C3 UEFA 1/8F,2018,7,1
WIELRENNEN. HANDZAME CLASSIC,2018,2,1
THE INTERNATIONAL,2018,2,1
STEP UP ALL IN,2018,2,1
DE RONDE,2018,7,7
KINDERKOPKES,2018,6,6
DE INFILTRANT,2018,8,8
LEEUWENKUIL,2018,4,4
ROAD HOUSE,2018,2,1
THE ROCK,2018,2,1
LEVE DE ZOO!,2018,6,6
"HELDEN VAN HIER, BRANDWEER ANTWERPEN",2018,4,4
VB. C3 UEFA 1/4F,2018,8,3
RUNNER RUNNER,2018,2,1
"LIVE PD, POLICE PATROL",2018,2,2
BEVERLY HILLS COP III,2018,2,1
FAST FIVE,2018,3,1
DE KLEEDKAMER,2018,10,5
F-16,2018,5,5
W.,2018,4,2
CHECK-POINT,2018,2,1
SHOPPING QUEENS,2018,3,1
TERMINATOR GENISYS,2018,2,1
DAVID ATTENBOROUGH'S NATURAL CURIOSITIES,2018,5,4
THE LAST CASTLE,2018,2,1
VB. C3 UEFA 1/2F,2018,6,4
CRIMI CLOWNS,2018,2,2
THE EAGLE,2018,2,1
DANCE AROUND THE WORLD,2018,6,6
BOXING STARS,2018,9,9
AFTER EARTH,2018,3,1
VAN GILS & HET SONGFESTIVAL,2018,6,3
AVATAR,2018,2,1
"BRITAIN'S BIGGEST SUPERYACHTS, CHASING PERFECTION",2018,2,1
NIEUWSJAGERS,2018,4,4
VB. C3 UEFA FIN,2018,3,2
"G.I. JOE, RETALIATION",2018,2,1
VRT NIEUWS LIVE,2018,2,1
HUWELIJK PRINS HARRY EN MEGHAN,2018,2,2
STADION,2018,101,2
SOFIE IN DE KEUKEN VAN...,2018,52,1
WILD CARD,2018,2,1
IEDEREEN TEGEN KANKER,2018,2,1
WIELRENNEN. RONDE VAN BELGIE,2018,5,2
MATCHMAKERS,2018,5,5
AFSCHEID,2018,6,6
TENNIS. ROLAND GARROS H.,2018,3,1
NATURAL BORN REBELS,2018,3,3
TENNIS. ROLAND GARROS D.,2018,6,3
WERELDKAMPIOENEN,2018,5,5
THE MONUMENTS MEN,2018,3,1
2 STERREN RESTAURANT,2018,8,8
ALLOO EN DE LIEFDE,2018,8,8
TUTANKHAMUN,2018,3,3
TENNIS. ROLAND GARROS FIN. D,2018,2,1
"PERCY JACKSON, SEA OF MONSTERS",2018,2,1
WIELRENNEN. DAUPHINE LIBERE,2018,15,8
HOTELGEHEIMEN,2018,3,2
TENNIS. ROLAND GARROS FIN. H,2018,2,1
TOM & HARRY,2018,10,10
THE SAVAGE PEACE,2018,2,1
OP EEN,2018,8,8
PLANET EARTH II,2018,9,3
THE BOUNTY HUNTER,2018,2,1
THE LAWYER,2018,5,5
TUT,2018,4,1
CHARLES LINDBERGH IN COLOR,2018,2,1
ONZE MAN IN TEHERAN,2018,4,4
VB. WK. SCHIFT.,2018,9,9
VB. WK. SCHIFT. - STUDIO,2018,12,12
TROY,2018,2,1
SOFIE IN DE KEUKEN VAN... - PASCAL BRAECKMAN,2018,3,3
THE SMURFS 2,2018,2,1
CATCH ME IF YOU CAN,2018,2,1
"BOMBING WAR, FROM GUERNICA TO HIROSHIMA",2018,3,1
WIELRENNEN. RONDE VAN FRANKRIJK - RIT 1 NOIRMOUTIER-EN-L'ILE>FONTENAY-LE-C,2018,2,2
"ALEXANDER AND THE TERRIBLE, HORRIBLE, NO GOOD, VERY BAD DAY",2018,2,1
PAPILLON,2018,2,2
VB. WK. 1/2F,2018,2,2
PERCEPTION,2018,6,5
WIELRENNEN. RONDE VAN FRANKRIJK - RIT 7 FOUGERES>CHARTRES,2018,2,2
JAMES MARTIN'S FRENCH ADVENTURE,2018,6,6
DWARS DOOR AMERIKA,2018,7,4
SCOTT & BAILEY,2018,4,4
WIELRENNEN. RONDE VAN FRANKRIJK - RIT 8 DREUX>AMIENS,2018,2,2
WIELRENNEN. RONDE VAN FRANKRIJK - RIT 10 ANNECY>LE GRAND-BORNAND,2018,2,2
"EEUWIGE VIJANDEN, IRAN VS. SAUDI-ARABIE",2018,2,2
DADDY'S HOME,2018,2,1
HEAT,2018,3,1
INDIANA JONES AND THE RAIDERS OF LOST ARK,2018,3,2
DE BEHANDELING,2018,2,1
"NCIS, NEW ORLEANS",2018,10,1
"ICE AGE 4, CONTINENTAL DRIFT",2018,2,1
WIELRENNEN. RONDE VAN FRANKRIJK - RIT 21 HOUILLES>PARIS CHAMPS-ELYSEES,2018,2,2
"BOUDEWIJN, NAAR HET HART VAN DE KONING",2018,2,2
LEGALLY BLONDE,2018,3,2
OVER DE RUG VAN DE ANDES,2018,3,3
FORCES OF NATURE,2018,2,1
BROER,2018,2,1
HET ZIJN NET MENSEN,2018,5,3
WILD SARDINIA,2018,2,2
DE EUROPESE KAMPIOENSCHAPPEN - TRIATHLON.,2018,2,2
DE EUROPESE KAMPIOENSCHAPPEN - ATLETIEK.,2018,5,5
SHANGHAI KNIGHTS,2018,2,1
VB. SUPER EB,2018,3,1
MARINA,2018,3,1
THE KARATE KID,2018,2,1
ELYSIUM,2018,3,1
DE AARDE VANUIT DE HEMEL - DE MIDDELLANDSE ZEE,2018,3,3
SUPERMAN RETURNS,2018,3,2
ALTIJD PRIJS,2018,10,10
"SECOND CHANCE SUMMER, TUSCANY",2018,6,6
THE BRIDGE,2018,3,2
UNITED SHADES OF AMERICA,2018,2,2
NOVEMBER MAN,2018,2,2
MACHETE KILLS,2018,2,1
GEORGE GENTLY,2018,5,1
ZOO AUSTRALIE,2018,5,4
DE SOLLICITATIE,2018,9,2
APOCALYPSE STALIN,2018,2,2
THE WORLD'S MOST EXTRAORDINARY HOMES,2018,11,7
HET ZOMERT MET...,2018,12,12
MILJONAIR,2018,32,20
BIG HERO 6,2018,2,1
DE AARDE VANUIT DE HEMEL - MAROKKO,2018,2,2
WANTED,2018,2,1
RICK STEIN'S ROAD TO MEXICO,2018,5,5
JIMMY DOHERTY'S ESCAPE TO THE WILD,2018,5,2
KINDERZIEKENHUIS,2018,2,2
OBLIVION,2018,3,2
SHREK FOREVER AFTER,2018,3,2
WALK THE LINE,2018,2,1
GUARDIANS OF THE GALAXY,2018,2,1
"CAPTAIN AMERICA, THE WINTER SOLDIER",2018,2,1
VOOR DE MANNEN,2018,3,3
KOPPELS,2018,3,3
PROFILAGE,2018,3,1
WIELRENNEN. WK. INNSBRUCK. H.,2018,5,5
JONG GEWELD,2018,3,3
LONE SURVIVOR,2018,2,1
RIG 45,2018,3,3
THE BIG BANG THEORY,2018,5,3
VB. VRIEND,2018,19,10
"DE VAL, 10 JAAR NA DE CRISIS",2018,3,3
LIFE AT THE LIMITS,2018,2,2
LAST DAYS,2018,8,8
VB. C3 UEFA SCHIFT,2018,22,1
DANNY IN DE BUITENWIJKEN,2018,2,2
THE TUXEDO,2018,3,2
DUBLIN ZOO,2018,7,7
GYM. WK. DOHA,2018,2,2
THE PELICAN BRIEF,2018,2,1
THE VOICE KIDS - THE BATTLE,2018,3,3
"HACHIKO, A DOG'S STORY",2018,2,1
TIPSY,2018,5,5
"THE HUNGER GAMES, MOCKINGJAY, PART 2",2018,2,1
LITTLE BUDDHA,2018,2,1
SUCCESRIJK! TOPONDERNEMERS IN VLAANDEREN,2018,6,6
THE MAZE RUNNER,2018,2,1
VELDRIJDEN. MOL,2018,2,1
VB. BB. 1/8F (S.),2018,3,1
KALMTE KAN U REDDEN,2018,25,13
PAULINE & PAULETTE,2018,2,2
TEAM SCHEIRE,2018,6,6
IN VLAAMSE VELDEN,2018,9,9
"WITHOUT LIMITS, VIETNAM",2018,2,2
DANCE AS ONE,2018,7,7
GERT LAST YEAR,2018,9,4
LUCIFER,2018,2,2
THE WITNESS FOR THE PROSECUTION,2018,2,2
PADDINGTON,2018,3,1
LUCY,2018,2,2
THE VOICE SENIOR - THE KNOCKOUTS,2018,2,2
LOVE ACTUALLY,2018,2,1
MUSIC FOR LIFE,2018,3,1
DE 3 WIJZEN,2018,23,12
DESPICABLE ME 2,2018,4,3
DE FEESTKEUKEN VAN SOFIE,2018,3,3
VANITY FAIR,2018,6,6
THE VOICE SENIOR - THE FINAL,2018,2,2
AMERICA'S GOT TALENT,2018,10,10
RODE NEUZEN DAG XL,2018,2,2
DANK DAT U BIJ ONS WAS,2019,7,1
DE KUNSTDETECTIVE,2019,2,2
SOFIE IN DE KEUKEN VAN... - EVI HANSSEN,2019,4,3
"MASTERCHEF, THE PROFESSIONALS",2019,38,1
SOFIE IN DE KEUKEN VAN... - MANOE FRATEUR,2019,2,2
THE GIRL WITH THE DRAGON TATOO,2019,2,1
DOUBLE JEOPARDY,2019,2,1
VELDRIJDEN. KRUIBEKE,2019,2,1
BAND OF BEARS,2019,2,2
GREYZONE,2019,5,2
"SPORTJAAR 2018, BRONZEN BELGEN",2019,2,2
THE GUNMAN,2019,2,1
BARTEL IN HET WILD,2019,7,1
HINTERLAND,2019,18,3
"AVENGERS, AGE OF ULTRON",2019,2,1
JAMIE'S QUICK AND EASY FOOD,2019,6,2
BAD BOYS II,2019,2,1
VOOR IK HET VERGEET,2019,3,3
LUTHER,2019,3,2
NO ESCAPE,2019,2,1
"BLOED, ZWEET & LUXEPROBLEMEN",2019,7,4
EDDIE THE EAGLE,2019,2,1
VELDRIJDEN. BOGENSE H. - BELOFTEN,2019,2,2
"DREAM BIG, DE WEEK VAN DE DAVISCUPPLOEG",2019,2,1
URBANUS 70,2019,5,5
30 JAAR VTM NIEUWS,2019,3,3
"ECHTE MENSEN, NIEUW LEVEN",2019,14,6
"ALASKA, A YEAR IN THE WILD",2019,4,4
SPEED II - CRUISE CONTROL,2019,2,1
URBANUS ZELF!,2019,3,1
DE DAG,2019,6,6
REIZEN WAES EUROPA,2019,10,7
LOTGENOTEN,2019,18,6
HANNE DANST,2019,6,6
DATE NIGHT,2019,2,1
"AMERICA'S GOT TALENT, THE CHAMPIONS",2019,7,7
DE VAL VAN HET REICH,2019,3,1
ATLETIEK. EK. GLASGOW,2019,2,2
THE EXPENDABLES 3,2019,3,1
COLD CASE - WIE HEEFT SALLY VERMOORD?,2019,5,5
DE VEILIGHEID VAN HET LAND,2019,7,7
INGLOURIOUS BASTERDS,2019,3,1
THE HUNDRED-FOOT JOURNEY,2019,2,1
STUDIO TARARA,2019,7,7
BLIND DATE,2019,8,8
"STUDIO TARARA, DE SKETCH SHOW",2019,2,2
WIELRENNEN. E-3 PRIJS HARELBEKE,2019,3,1
THE MAN FROM U.N.C.L.E.,2019,2,1
STAR TREK,2019,3,1
HERCULES,2019,4,1
THE AMAZING SPIDER-MAN 2,2019,3,1
BARGOENS,2019,16,8
TERUG NAAR RWANDA,2019,2,2
20 KIDS AND COUNTING,2019,2,1
BIG CATS ABOUT THE HOUSE,2019,3,3
MEN IN BLACK III,2019,3,1
JOANNA LUMLEY'S INDIA,2019,3,3
ROND DE NOORDZEE,2019,10,10
"BELGA SPORT - TOM BOONEN, DE WONDERJAREN",2019,2,2
GENT WEST,2019,17,8
CONTROL PEDRO,2019,24,8
THE AVENGERS,2019,2,1
"MENSEN VERZETTEN BERGEN, A DAY TO REMEMBER",2019,2,2
WIELRENNEN. WAALSE PIJL,2019,3,1
WIELRENNEN. LUIK-BASTENAKEN-LUIK,2019,3,1
VB. C1 UEFA 1/2F,2019,11,1
"THE HUNGER GAMES, MOCKINGJAY, PART 1",2019,4,1
VAN GILS & GASTEN,2019,311,44
POP-UP RECHTBANK,2019,6,6
VB. C3 UEFA 1/2F - STUDIO,2019,2,2
OPEN KEUKEN MET SANDRA BEKKARI,2019,82,16
EARTH FROM SPACE,2019,4,4
SUCCESRIJK! VLAAMSE ONDERNEMERS IN HET BUITENLAND,2019,4,4
A HOTEL FOR THE SUPER RICH AND FAMOUS,2019,2,2
THE AMAZING SPIDER-MAN,2019,2,1
DJANGO UNCHAINED,2019,2,1
MONTY DON'S PARADISE GARDENS,2019,4,2
IEDEREEN KIEST,2019,16,8
SEX TAPE,2019,2,1
SAHARA,2019,2,1
JAMBERS IN DE POLITIEK,2019,8,3
"WITHOUT LIMITS, AUSTRALIA",2019,2,2
PITCH PERFECT 2,2019,2,1
YOU ONLY LIVE TWICE,2019,2,1
VB. C1 UEFA FIN,2019,6,1
"DE BUURTPOLITIE, DE GROTE GELDROOF",2019,2,1
THE FLATEY ENIGMA,2019,2,2
INTO THE STORM,2019,4,1
"VDB, IK BEN GOD NIET",2019,7,7
SPANGLISH,2019,2,1
HERBIE FULLY LOADED,2019,2,1
COMING TO AMERICA,2019,2,1
WIELRENNEN. HAMMER SERIES,2019,4,4
"D-DAY, OPERATION OVERLORD",2019,3,3
AUGUST RUSH,2019,2,1
BATMAN BEGINS,2019,2,1
BATTLESHIP,2019,3,1
WIJ WILLEN OOK WERKEN,2019,10,3
LAST HOLIDAY,2019,3,2
CAFE DERBY,2019,3,1
NEVER SAY NEVER AGAIN,2019,2,1
LOCH NESS,2019,6,3
THE DARK KNIGHT,2019,2,1
AFRICA,2019,4,4
DE KLEEDKAMER - RONDE VAN FRANKRIJK,2019,2,2
WIELRENNEN. HALLE-INGOOIGEM,2019,2,1
NATIONAL TREASURE,2019,2,1
THE EXPENDABLES,2019,3,1
WHAT WOMEN WANT,2019,2,1
SPIDER-MAN,2019,2,1
INSIDE OUT,2019,2,1
MISSION IMPOSSIBLE III,2019,5,2
ENNEMI PUBLIC,2019,6,1
47 RONIN,2019,3,1
IN ROME,2019,3,1
WIELRENNEN. BK. GENT. D.,2019,2,2
"ALEX AGNEW, UNFINISHED BUSINESS - DEEL 3",2019,2,2
OP NAAR DE 100!,2019,8,8
LOVE ISLAND,2019,26,26
WIELRENNEN. RONDE VAN FRANKRIJK - RIT 1 BRUSSEL>BRUSSEL,2019,2,2
MERCI MERCKX,2019,6,6
"THE LIBRARIAN, QUEST FOR THE SPEAR",2019,2,1
GRILLMASTERS,2019,13,5
WIELRENNEN. RONDE VAN FRANKRIJK - RIT 6 MULHOUSE>LA PLANCHE DES BELLES FIL,2019,2,2
LANG LEVE,2019,12,4
"BRIDGET JONES, THE EDGE OF REASON",2019,2,1
HOOTEN & THE LADY,2019,2,2
TERUG NAAR SIBERIE,2019,8,8
"EVENAAR, EEN LIJN VOL LEVEN",2019,3,3
WORLD'S WEIRDEST HOMES,2019,4,3
ERSIN IN WONDERLAND,2019,6,3
HET GROOTSTE LICHT,2019,7,4
WIELRENNEN. RONDE VAN FRANKRIJK - RIT 13 PAU>PAU,2019,2,2
PLAN BART,2019,2,1
ATLETIEK. NACHT HEUSDEN-ZOLDER (S.),2019,3,1
WORLD'S BUSIEST - CITIES,2019,2,2
LEEUWENLAND,2019,3,3
WIELRENNEN. RONDE VAN FRANKRIJK - RIT 18 EMBRUN>VALLOIRE,2019,2,2
THE SORCERER'S APPRENTICE,2019,2,1
MALAVITA,2019,2,1
DIT WAS YASMINE,2019,2,2
F1. WK. GP. DUITSLAND (S.),2019,2,1
THE GUARDIAN,2019,10,2
DAS BOOT,2019,2,1
LE GENDARME DE SAINT-TROPEZ,2019,2,1
OUTBACK,2019,3,3
VOETBALMAFFIA,2019,10,2
THE BEST OF THE VOICE WORLDWIDE,2019,6,6
I GIVE IT A YEAR,2019,2,1
INTO THE WOODS,2019,2,1
WIELRENNEN. EK. TIJDRIJDEN ALKMAAR,2019,5,5
KINDEREN VAN DE COLLABORATIE,2019,11,4
DE LAATSTE 24 UUR,2019,9,3
TEGEN DE STERREN OP,2019,84,25
ATLETIEK. BIRMINGHAM,2019,2,1
D'ARDENNEN,2019,2,1
VB. C3 UEFA SCHIFT - STUDIO,2019,2,1
ANIMAL BABIES,2019,6,6
"I, ROBOT",2019,2,1
HARRY POTTER AND THE ORDER OF THE PHOENIX,2019,2,1
A MILLION WAYS TO DIE IN THE WEST,2019,3,1
JAMES MARTIN'S AMERICAN ADVENTURE,2019,8,8
HELDEN VAN DE WILDERNIS,2019,13,7
ATLETIEK. PARIJS (S.),2019,3,2
SUPERHOSPITAL,2019,8,4
"TRIBES, ANIMALS AND ME",2019,2,1
ESCAPE TO COSTA RICA,2019,3,3
BORDER SECURITY (CAN),2019,78,25
GOED VERLOF,2019,19,19
DE KLINIEK,2019,126,41
YORKSHIRE AIRPORT,2019,5,5
HARRY POTTER AND THE HALF-BLOOD PRINCE,2019,2,1
"HOSPITAL, THE WESTMINSTER TERROR ATTACK",2019,2,1
JEUNE ET JOLIE,2019,2,1
FIFTY SHADES OF GREY,2019,3,2
WHAT'S EATING GILBERT GRAPE,2019,2,1
"PIRATES OF THE CARIBBEAN, AT WORLD'S END",2019,4,1
DCI BANKS,2019,9,3
"PIRATES OF THE CARIBBEAN, ON STRANGER TIDES",2019,5,2
WIELRENNEN. WK. HARROGATE,2019,2,2
VB. BB. 1/16F,2019,3,1
OVER WINNAARS,2019,9,4
WIELRENNEN. WK. HARROGATE D.,2019,2,2
"AMUR, ASIA'S AMAZON",2019,6,3
INTERSTELLAR,2019,2,1
WIELRENNEN. WK. HARROGATE H.,2019,5,5
FANTASTIC FOUR,2019,2,1
(H)ALLOOMEDIA,2019,5,5
ATLETIEK. WK. DOHA,2019,3,3
CHEAT,2019,2,2
GODS OF EGYPT,2019,2,1
KOMT EEN VROUW BIJ DE DOKTER,2019,2,1
VELDRIJDEN. MEULEBEKE,2019,3,1
STUDIO STAN,2019,6,6
GYM. WK. STUTTGART,2019,4,4
THE HUNTERS,2019,2,2
GREAT INDIAN RAILWAY JOURNEYS,2019,4,4
CALLBOYS,2019,15,7
VICTORIA,2019,26,8
KING ARTHUR,2019,2,1
GRENSLANDERS,2019,8,8
HET GEZIN,2019,20,9
"NIGELLA, AT MY TABLE",2019,2,1
VB. C1 UEFA SCHIFT. (S.),2019,3,1
JOANNA LUMLEY'S SILK ROAD ADVENTURE,2019,5,4
VELDRIJDEN. NIEL,2019,2,1
HET HUIS - THEO FRANCKEN,2019,2,2
VB. EK. KWALIF - STUDIO,2019,5,5
SILENT WITNESS,2019,20,5
BIG CATS,2019,4,2
VELDRIJDEN. WB. TABOR (S.),2019,2,1
WIELRENNEN. 6-DAAGSE VAN GENT,2019,4,1
ROOKIE COPS,2019,3,3
WAT EEN DAG,2019,4,4
VELDRIJDEN. WACHTEBEKE H.,2019,2,1
VELDRIJDEN. WACHTEBEKE D.,2019,2,1
DE BATTLE,2019,3,3
VELDLOPEN. ROESELARE (S.),2019,2,1
EENZAAM,2019,2,2
"BOER ZKT VROUW, DE WERELD ROND",2019,29,13
"STAR WARS, THE FORCE AWAKENS",2019,2,1
DONDEREN IN KEULEN,2019,13,13
VELDRIJDEN. MOL (S.),2019,2,1
HET HUIS - WILLY SOMMERS,2019,2,2
APPEL D'URGENCE,2019,17,12
VB. BB. 1/8F,2019,3,3
EVEREST,2019,3,2
HET HUIS - DINA TERSAGO,2019,2,2
FOREVER YOUNG,2019,6,6
VB. C1 UEFA SCHIFT,2019,41,5
WITTEKERKE,2019,2,1
VELDRIJDEN. RONSE H.,2019,3,1
VELDRIJDEN. RONSE D.,2019,3,1
VELDRIJDEN. OVERIJSE H.,2019,3,1
VELDRIJDEN. OVERIJSE D.,2019,2,1
RUSSIA WITH SIMON REEVE,2019,3,2
MIJ OVERKOMT HET NIET,2019,11,5
WISSEL VAN DE MACHT,2019,11,5
BEVERGEM,2019,7,4
VB. BB. 1/4F,2019,4,2
POLDARK,2019,39,16
MRS. DOUBTFIRE,2019,2,1
SNOW BEARS,2019,2,1
THE SOUND OF MUSIC,2019,4,1
DOSSIER X,2019,13,5
"PAUL BLART, MALL COP",2019,2,1
BINGO,2019,2,1
SEVEN WORLDS ONE PLANET,2019,2,2
ARRIVALS,2019,2,1
E.T. - THE EXTRA-TERRESTRIAL,2019,2,1
THE WONDER OF ANIMALS,2019,21,12
IS ER EEN KERSTMAN IN DE ZAAL?,2019,2,2
KUNG FU PANDA,2019,2,1
LIVE VUURWERK,2019,4,1
DOWN THE SNOW,2019,2,1
"RODE NEUZEN DAG, THE BEST OF",2019,2,2
"VIVE LE VELO, WIELERJAAR 2019",2020,2,1
VELDRIJDEN. GP. SVEN NYS,2020,5,1
ALLOO BIJ... - NIELS DESTADSBADER,2020,2,1
"ALEX AGNEW, UNFINISHED BUSINESS - DEEL 1",2020,2,1
PETIT PANDA,2020,2,1
DAGELIJKSE WINTERKOST,2020,8,1
"DE BUURTPOLITIE, DE TUNNEL",2020,2,1
"ALEX AGNEW, UNFINISHED BUSINESS - DEEL 2",2020,2,1
ANNIE,2020,4,1
ALLEGIANT,2020,3,1
THE CHRONICLES OF NARNIA - PRINCE CASPIAN,2020,3,1
TATRA MOUNTAINS,2020,2,2
"CAPTAIN AMERICA, CIVIL WAR",2020,2,1
EEN FRISSE START MET VTWONEN,2020,5,1
ZOOKEEPER,2020,2,1
"XXX, RETURN OF XANDER CAGE",2020,2,1
VELDRIJDEN. OTEGEM (S.),2020,3,1
NICHOLAS,2020,14,3
JOHN WICK,2020,3,1
ZWEMMEN. ANTWERPEN,2020,2,1
VELDRIJDEN. ZONNEBEKE (S.),2020,2,1
FAIL ARMY,2020,3,1
GREAT AUSTRALIAN RAILWAY JOURNEYS,2020,6,4
VELDRIJDEN. HOOGERHEIDE H. (S.),2020,2,1
GOED VOLK,2020,14,1
DARK MONEY,2020,3,3
VELDRIJDEN. WK. DUBENDORF - BELOFTEN H.,2020,2,2
VELDRIJDEN. WK. DUBENDORF D.,2020,2,2
SAFE HOUSE,2020,4,1
ALLOO IN DE POLITIERECHTBANK,2020,2,2
WALLANDER,2020,15,3
BABY CHIMP RESCUE,2020,4,3
BELOW THE SURFACE,2020,8,4
KAMP WAES,2020,9,6
THE NAME OF THE ROSE,2020,8,7
VELDRIJDEN. HULST,2020,4,1
FLYING TO THE ENDS OF THE EARTH,2020,3,3
WAT MANNEN WILLEN,2020,2,1
ANCIENT INVISIBLE CITIES - CAIRO,2020,2,1
VB. C3 UEFA 1/16F - CL.BRUGGE/MANCHESTER (2HT),2020,2,2
VELDRIJDEN. LEUVEN H.,2020,3,1
VELDRIJDEN. LEUVEN D.,2020,3,1
BANCROFT,2020,6,2
OVER WATER,2020,17,7
VELDRIJDEN. OOSTMALLE (S.),2020,2,1
GEHEIMEN VAN HET LAM GODS,2020,2,2
OP EEN - WATER,2020,2,2
100 DAGEN,2020,7,7
BEAT VTM,2020,6,5
TELEFACTS WINTER,2020,17,7
DE VERDWIJNING VAN BRITTA CLOETENS,2020,3,3
DE LUIZENMOEDER,2020,18,8
VANDAAG OVER EEN JAAR,2020,20,8
RAYMOND!,2020,3,3
EXPEDITIE ROBINSON,2020,21,6
"MEDICI, THE MAGNIFICIENT",2020,9,2
ONE FINE DAY,2020,2,1
PASSENGERS,2020,2,1
HARRY POTTER AND THE DEATHLY HALLOWS,2020,3,1
NATURE'S GREATEST TALENTS - MASTERS OF DISGUISE,2020,2,1
UNSTOPPABLE,2020,3,1
MEDITERRANEAN WITH SIMON REEVE,2020,4,4
INFLUENCERS,2020,8,8
EXTRA JOURNAAL - CORONACRISIS/VEILIGHEIDSRAAD,2020,2,2
HARRY POTTER AND THE DEATHLY HALLOWS - PART 2,2020,2,1
GOLDENEYE,2020,3,1
FURIOUS 6,2020,5,1
HITCH,2020,3,1
TOPDOKTERS CORONA,2020,9,9
"HELDEN VAN HIER, CORONA",2020,8,8
"LOIC, ZOT VAN KOKEN",2020,40,15
THE DARK KNIGHT RISES,2020,4,1
THE HUNGER GAMES,2020,3,1
WILD HOGS,2020,4,1
THE WORLD IS NOT ENOUGH,2020,4,1
NIEUWS ACCESS VTM,2020,6,5
NOW YOU SEE ME 2,2020,3,1
"BELGA SPORT - 4X100 METER, DE LANGE WEG NAAR GOUD",2020,2,1
GERT LATE NIGHT - LOCKDOWN,2020,32,32
"EXTRA NIEUWS - CORONACRISIS, UPDATE",2020,34,34
DIE ANOTHER DAY,2020,5,1
ALLIED,2020,3,1
PHILADELPHIA,2020,2,1
THE BOSS,2020,2,1
NACHTWACHT,2020,6,2
BAND OF BROTHERS,2020,10,10
THE BEST OF HOLLAND'S GOT TALENT,2020,8,4
ADRIAAN VAN DEN HOOF,2020,3,1
TEMPTATION ISLAND,2020,56,15
"SPIDER-MAN, HOMECOMING",2020,2,1
THE MECHANIC,2020,2,1
THE PROPOSAL,2020,3,1
KOMEN TE GAAN,2020,11,3
THE FOREIGNER,2020,2,1
KINDEREN VAN DE HOLOCAUST,2020,7,7
MINIONS,2020,2,1
FURIOUS 7,2020,3,1
SISTER ACT,2020,3,1
THE PACIFIER,2020,4,1
KOMT EEN MAN BIJ DE DOKTER,2020,2,2
TWEE TINTEN GRIJS,2020,8,8
MANIFEST,2020,2,2
"KAMAL KHARMACH, DE SCHAAMTE VOORBIJ",2020,2,1
I AM WRATH,2020,2,1
IT TAKES TWO,2020,2,1
"THE HUNGER GAMES, CATCHING FIRE",2020,3,1
ZOOTROPOLIS,2020,3,1
SISTER ACT II,2020,2,1
RITUALS - THE POWER OF NATURE,2020,2,1
VERSAILLES,2020,25,1
"HOSPITAL, FIGHTING COVID-19",2020,2,2
HET BESTE UIT BELGIUM'S GOT TALENT,2020,3,3
BAKE OFF @HOME,2020,4,4
MISSION IMPOSSIBLE,2020,2,1
BASTILLE DAY,2020,3,1
"BLOED, ZWEET & TRANEN",2020,2,1
DISNEY PROJECT T,2020,4,1
POIROT,2020,16,8
IN DE GREEP VAN HET VIRUS,2020,2,2
MISSION IMPOSSIBLE II,2020,2,1
THE TRANSPORTER REFUELED,2020,2,1
"THE HUNTSMAN, WINTER'S WAR",2020,2,1
THE WORLD'S BEST,2020,3,3
MY FAMILY AND THE GALAPAGOS,2020,7,4
THE DESCENDANTS,2020,2,1
THE BEACH,2020,2,1
SPORZA RETRO,2020,11,11
SURVIVOR,2020,3,1
KINDEREN VAN DE KOLONIE,2020,6,2
THE EXPENDABLES 2,2020,3,1
DE KUST IS VEILIG,2020,15,2
BIENVENUE CHEZ LES CH'TIS,2020,2,1
RICK STEIN'S SECRET FRANCE,2020,6,6
BEARS ABOUT THE HOUSE,2020,2,2
F1. WK. GP. OOSTENRIJK (S.),2020,3,1
AN OFFICER AND A MURDERER,2020,2,1
VIVE LA VIE!,2020,12,12
ALLERBESTE KIJKERS,2020,12,12
THE CRUISE,2020,18,3
LA FAMILLE BELIER,2020,2,1
OBESE,2020,3,3
DE BARAK VAN BARTEL,2020,3,3
A MILLION LITTLE THINGS,2020,8,2
CORPS DIPLOMATIQUE,2020,2,2
SOUTH AFRICA - CLASH OF CURRENTS,2020,2,1
BEN-HUR,2020,2,1
PADDINGTON 2,2020,2,1
INFORMER,2020,4,1
THE LORD OF THE RINGS,2020,2,1
THE MAGNIFICENT SEVEN,2020,5,3
DODE HOEK,2020,2,1
VERMIST,2020,16,13
SCHATTEN VAN MENSEN,2020,6,2
UNFORGOTTEN,2020,12,3
2012,2020,3,1
FROZEN,2020,4,1
THE MASK OF ZORRO,2020,3,1
DEATH IN PARADISE,2020,13,2
BRITAIN'S GOT TALENT,2020,19,9
PERCY JACKSON & THE LIGHTNING THIEF,2020,2,1
OP WEG MET JAN - VIETNAM,2020,2,1
VB. C3 UEFA 1/8F - STUDIO,2020,2,1
EUROPA LEAGUE MAGAZINE,2020,8,1
VB. C1 UEFA 1/8F - STUDIO,2020,5,4
"WIJ, HEREN VAN ZICHEM",2020,22,22
3 DAYS TO KILL,2020,5,1
DE ZOMER VAN '69,2020,3,2
SALAMANDER,2020,26,10
THE WOLF OF WALL STREET,2020,4,1
SOUTH AFRICA - KILLERS OF THE KALAHARI,2020,2,1
RISE OF THE PLANET OF THE APES,2020,4,1
THE DAY AFTER TOMORROW,2020,5,1
GRIFF'S GREAT KIWI ROAD TRIP,2020,2,2
ATLETIEK. MONACO (S.),2020,4,1
WEG ZIJN WIJ,2020,39,1
WAR OF THE WORLDS,2020,2,1
HOSTAGE,2020,2,1
OP WEG MET JAN - EL SALVADOR,2020,2,1
MAGDA GOEBBELS,2020,2,1
VB. C1 UEFA 1/2F - STUDIO,2020,4,1
"EXTRA NIEUWS - CORONACRISIS, PERSCONFERENTIE NATIONALE",2020,2,2
VB. C3 UEFA FIN - STUDIO,2020,2,1
SING,2020,2,2
DAWN OF THE PLANET OF THE APES,2020,5,1
THE LONE RANGER,2020,4,1
OCEAN'S THIRTEEN,2020,2,1
DE BLACKLIST,2020,8,8
DRUKTE IN DE DIERENTUIN,2020,23,8
ANIMAL RESCUE SCHOOL,2020,6,6
WIELRENNEN. GP. BRETAGNE CLASSIC,2020,3,1
PLAT PREFERE,2020,6,6
WIELRENNEN. TIJDRIJDEN. EK. PLOUAY H.,2020,2,2
GENTBRUGGE,2020,11,11
WAR FOR THE PLANET OF THE APES,2020,2,1
THE CHEFS' BRIGADE,2020,6,6
A KNIGHT'S TALE,2020,2,1
WIELRENNEN. RONDE VAN FRANKRIJK - RIT 1 NICE MOYEN PAYS>NICE,2020,2,2
MIRROR MIRROR,2020,2,1
EXPEDITION WITH STEVE BACKSHALL,2020,3,3
DE ZOMER VAN,2020,26,26
DWARS DOOR OCEANIE,2020,7,7
VB. NATIONS LEAGUE UEFA - BELGIE/IJSLAND,2020,2,1
DE POSITIVO'S,2020,6,6
"HELP, MIJN BORSTEN STAAN ONLINE",2020,4,4
BLOOD,2020,6,3
FLIKKEN ROTTERDAM,2020,15,4
WIELRENNEN. RONDE VAN FRANKRIJK - RIT 21 MANTES-LA-JOLIE>PARIS CHAMPS-ELYS,2020,2,2
"PIRATES OF THE CARIBBEAN, DEAD MAN'S CHEST",2020,5,1
DUBBELLEVEN,2020,10,10
EXTRA JOURNAAL - NATIONALE VEILIGHEIDSRAAD,2020,2,2
VELDRIJDEN. LOKEREN,2020,2,1
F1. WK. GP. RUSLAND (S.),2020,2,1
MONTY DON'S JAPANESE GARDENS,2020,4,2
WIELRENNEN. WK. IMOLA H.,2020,3,3
FILIP VAN BELGIE - DE LANGE WEG NAAR DE TROON,2020,2,2
EEN ZOMER ALS GEEN ANDERE,2020,3,3
VEEL TAMTAM,2020,3,3
GERT LATE NIGHT,2020,171,23
"BATMAN V SUPERMAN, DAWN OF JUSTICE",2020,2,1
VB. NATIONS LEAGUE UEFA - IJSLAND/BELGIE,2020,2,1
VELDRIJDEN. GP. BERINGEN H.,2020,2,1
THIN ICE,2020,4,4
VELDRIJDEN. GP. BERINGEN D.,2020,2,1
WIELRENNEN. RONDE VAN VLAANDEREN,2020,4,1
VB. C1 UEFA,2020,6,1
OPVOEDEN DOE JE ZO,2020,7,7
AUTUMN IN NEW YORK,2020,2,1
VELDRIJDEN. RUDDERVOORDE (S.),2020,3,1
OP DE MAN AF,2020,17,9
THE DECEIVED,2020,2,2
NATURE'S BIGGEST BEASTS,2020,2,1
"ROGUE ONE, A STAR WARS STORY",2020,2,1
BART PEETERS DELUXE,2020,3,1
EXTRA NIEUWS - VS 2020,2020,4,4
VB. VRIEND - STUDIO,2020,3,2
KNIGHT AND DAY,2020,4,2
ANIMAL AIRPORT,2020,54,13
"LIEFDE VOOR MUZIEK, DE REUNIE",2020,2,2
"BOER ZKT VROUW, HOME SWEET HOME",2020,14,14
#HETISINGEWIKKELD,2020,12,3
DE ANDERHALVE METER SHOW,2020,6,6
VB. NATIONS LEAGUE UEFA - STUDIO,2020,5,3
VANDAAG,2020,110,78
WILDLIFE IN THE CANTABRIAN MOUNTAINS,2020,2,2
THE BOURNE LEGACY,2020,3,1
CENTRAL INTELLIGENCE,2020,2,2
LET'S GO WILD,2020,3,2
THE A-TEAM,2020,5,1
HET HUIS - ELODIE OUEDRAOGO,2020,2,2
VB. C1 UEFA SCHIFT - DORTMUND/CL.BRUGGE,2020,2,1
OVER 5 JAAR,2020,3,3
BILLY CONNOLLY'S GREAT AMERICAN TRAIL,2020,3,3
THE VOICE SENIOR - THE BLIND AUDITIONS,2020,8,4
"KINGSMAN, THE GOLDEN CIRCLE",2020,3,2
HET HUIS - ANDRE HAZES,2020,2,2
VB. C1 UEFA SCHIFT - STUDIO,2020,7,1
"MIJN KEUKEN, MIJN RESTAURANT",2020,28,28
THE MINIATURIST,2020,5,2
THE VALHALLA MURDERS,2020,4,4
HET HUIS - SISKA SCHOETERS,2020,2,2
"JA, CHEF!",2020,3,3
UEFA CHAMPIONS LEAGUE,2020,9,2
DEADWATER FELL,2020,2,2
VELDRIJDEN. SCHELDECROSS H.,2020,2,1
VELDRIJDEN. SCHELDECROSS D.,2020,2,1
VELDRIJDEN. SCHELDECROSS,2020,4,1
THE VOICE SENIOR,2020,2,2
HET HUIS - MARC VAN RANST,2020,2,2
ALLOO BIJ DE WEGPOLITIE,2020,59,17
JUSTICE FOR ALL,2020,8,8
"WOUT, WAAR EEN WIL IS",2020,2,2
THE GREATEST SHOWMAN,2020,2,1
IT'S A WILD CHRISTMAS,2020,2,1
MR. POPPER'S PENGUINS,2020,3,1
JURASSIC WORLD,2020,5,2
"DE BUURTPOLITIE, OPERATIE RUDOLF",2020,2,1
DE LUCHTPOLITIE,2020,10,4
VELDRIJDEN. ESSEN,2020,3,1
KERST MET 11 MILJOEN,2020,2,2
THE BFG,2020,2,1
DE SMAAK VAN JOEL,2020,2,2
WIELERJAAROVERZICHT,2020,4,1
60 JAAR SPORTWEEKEND,2020,4,4
FC DE KAMPIOENEN - KERSTSPECIAL,2020,2,2
BEAUTY & THE BEAST,2020,2,1
MAKE BELGIUM GREAT AGAIN,2020,18,2
VELDRIJDEN. BREDENE D.,2020,3,1
"NIELS DESTADSBADER, BOVEN DE WOLKEN",2020,2,1
WIELERJAAR 2020,2021,2,1
WILD ALPINE RIVERS,2021,2,1
"2020, HET NIEUWE NORMAAL",2021,2,1
WE MOETEN EENS PRATEN,2021,4,4
MALEFICENT,2021,3,1
MURDER ON THE ORIENT EXPRESS (2017),2021,2,1
THE POLAR BEAR CUB,2021,2,1
RIP 2020,2021,13,2
LEEF,2021,4,4
MAGICAL ICELAND,2021,2,1
THE KING'S SPEECH,2021,2,1
"SHERLOCK HOLMES, A GAME OF SHADOWS",2021,2,1
LIAR,2021,6,3
BLACK-OUT,2021,10,4
SHAQ,2021,4,4
INCREDIBLES 2,2021,2,1
SPY IN THE SNOW,2021,2,1
VELDRIJDEN. WK. OOSTENDE D.,2021,2,2
RAISED BY THE VILLAGE,2021,3,1
LILI EN MARLEEN,2021,129,6
GREAT CONTINENTAL RAILWAY JOURNEYS,2021,35,6
THE MARTIAN,2021,6,1
BOERENJAAR,2021,12,6
VELDRIJDEN. EEKLO H.,2021,2,1
VELDRIJDEN. EEKLO D.,2021,2,1
VELDRIJDEN. EEKLO,2021,3,1
BEFORE WE DIE,2021,12,4
"REIZEN WAES, VLAANDEREN",2021,7,7
WEG MET ONS MA,2021,9,3
KEEPING FAITH,2021,8,1
LONDEN ZOO,2021,13,4
NON-STOP,2021,6,1
WEEK VAN DE BELGISCHE MUZIEK,2021,3,3
WINDKRACHT 10,2021,24,23
BDW,2021,3,3
DA'S LIEFDE!,2021,7,7
FRANKIE AND JOHNNY,2021,2,1
TRUST ME,2021,2,2
THE ACCOUNTANT,2021,2,1
BLIJVEN SLAPEN,2021,3,3
WETSDOKTERS,2021,16,8
DE RECHERCHE,2021,20,1
BYE BYE BELGIUM,2021,5,5
WIELRENNEN. STRADE BIANCHE D. (S.),2021,2,1
"KONG, SKULL ISLAND",2021,2,1
ATLETIEK. EK. INDOOR TORUN,2021,2,2
TELEFACTS NU,2021,15,6
WIELRENNEN. PARIJS-NICE - RIT 7 NICE>VALDEBLORE LA COLMIANE,2021,2,1
RADIO GAGA,2021,22,3
WIELRENNEN. NOKERE KOERSE,2021,4,1
CHEF,2021,3,1
MISSION IMPOSSIBLE ROGUE NATION,2021,6,1
GRIFF'S GREAT AUSTRALIAN RAIL TRIP,2021,6,6
GAME OF TALENTS,2021,7,7
FATHER BROWN,2021,9,6
WIELRENNEN. GENT-WEVELGEM,2021,3,1
EN TOEN WAS HET STIL,2021,3,3
LEEF!,2021,6,6
VB. WK. KWALIF - STUDIO,2021,3,3
DAG DOKTER,2021,18,18
CAST AWAY,2021,4,1
BEAU SEJOUR,2021,20,10
FAIR TRADE,2021,8,8
ONE WILD DAY,2021,6,3
"SERGIO & AXEL, VAN DE KAART",2021,14,7
KAT ZONDER GRENZEN,2021,7,7
DE RONDE 104,2021,2,2
LATER ALS IK GROOT BEN,2021,8,8
VB. C1 UEFA 1/4F - STUDIO,2021,2,1
"BADLANDS, HARD ROCK, TOUGH LIVES",2021,2,1
"KING ARTHUR, LEGEND OF THE SWORD",2021,2,1
"EXTRA NIEUWS - CORONACRISIS, PERSCONFERENTIE OVERLEGCOM",2021,2,2
TAKEN 2,2021,6,1
RED SPARROW,2021,3,1
THE MOUNTAIN BETWEEN US,2021,2,1
TWEE TOT DE ZESDE MACHT,2021,45,10
DE BACHELORETTE,2021,12,12
VALKYRIE,2021,3,1
09/01/2001,2021,14,14
RIVIERA,2021,29,6
CLAN,2021,2,2
"CAMPING COPPENS, OP WEG NAAR ZWEDEN",2021,8,8
ALLOO BIJ... - JACQUES VERMEIRE,2021,2,1
RIEN A DECLARER,2021,2,1
"JOURNEY 2, THE MYSTERIOUS ISLAND",2021,2,1
KONINGIN ELISABETH WEDSTRIJD - FINALE,2021,2,1
BANG VAN DENDONCKER,2021,2,2
SPORZA GIRO,2021,6,6
POPQUIZ,2021,10,10
PETRA,2021,4,4
DIE HARD WITH A VENGEANCE,2021,3,1
MAX,2021,3,1
BASKET. BK (S.),2021,2,1
HET EK VAN DE DUIVELS,2021,4,4
WIELRENNEN. BALOISE BELGIUM TOUR - RIT 4 HAMOIR>HAMOIR,2021,2,2
THE PLANETS,2021,2,1
MEN OF HONOR,2021,2,1
MISDAADDOKTERS - PLAATS DELICT,2021,2,1
MAN ON FIRE,2021,2,1
VTM NIEUWS FLASH,2021,2,2
DARK HEART,2021,6,1
"PHILIPPE GEUBELS, BEDANKT VOOR ALLES",2021,2,1
WIELRENNEN. BK. WAREGEM. H.,2021,2,2
DE WERELD VAN DE CHINEZEN,2021,2,2
MURDOCH MYSTERIES,2021,4,2
"HITLER JEUGD, HET KINDERLEGER VAN DE NAZI'S",2021,3,1
ASTERIX AUX JEUX OLYMPIQUES,2021,2,1
INDIA'S WILD KARNATAKA,2021,2,1
ANNIE (2014),2021,2,1
WIELRENNEN. RONDE VAN FRANKRIJK - RIT 1 BREST>LANDERNEAU,2021,2,2
PAARDENSPORT. JUMPING. KNOKKE,2021,2,1
NORTH AMERICA WITH SIMON REEVE,2021,5,1
MISDAADDOKTERS - VAN SNIJTAFEL TOT RECHTBANK,2021,2,1
THE TRANSPORTER,2021,2,1
WIELRENNEN. RONDE VAN FRANKRIJK - RIT 7 VIERZON>LE CREUSOT,2021,2,2
POMPEII,2021,3,1
LOS FLAMENCOS,2021,3,1
KAMPIOEN ZIJN BLIJFT PLEZANT,2021,2,1
DE WERELD ROND MET 80-JARIGEN,2021,9,1
COSTA BELGICA,2021,4,4
...VOOR DUMMIES - FAMILIAAL GELUK,2021,2,1
ONTVOERD,2021,11,1
OP KOT,2021,31,5
"ESCAPE TO THE CHATEAU, RESTORING THE DREAM",2021,2,2
...VOOR DUMMIES - LEKKER ETEN,2021,2,1
MISDAADDOKTERS - GETUIGEN VAN LEVEN EN DOOD,2021,2,1
WIELRENNEN. RONDE VAN FRANKRIJK - RIT 18 PAU>LUZ-ARDIDEN,2021,2,2
ALLEMAAL CHRIS,2021,18,6
VB. BK - CL.BRUGES/ANDERLECHT,2021,3,2
...VOOR DUMMIES - FEESTPLEZIER,2021,2,1
KINDEREN VAN HET VERZET,2021,5,1
NATIONALE FEESTDAG 21 JULI,2021,2,1
DWARS DOOR BELGIE,2021,7,3
"MARRY ME, MARRY MY FAMILY",2021,3,3
THE AMERICAN DREAM XL,2021,10,10
OS. OPENINGSCEREMONIE,2021,3,2
"KINGSMAN, THE SECRET SERVICE",2021,7,1
MALTESE,2021,4,4
ZWARE JONGENS,2021,3,1
O.S. 2021 WIELRENNEN H.,2021,2,2
O.S. 2021 BASKETBAL 3X3,2021,2,2
IT COULD HAPPEN TO YOU,2021,2,1
O.S. 2021 RITMISCHE GYMNASTIEK D.,2021,6,6
PANIEKZAAIERS,2021,2,1
O.S. 2021 ZWEMMEN,2021,7,7
O.S. 2021 BADMINTON H.,2021,2,2
O.S. 2021 RITMISCHE GYMNASTIEK,2021,2,2
O.S. 2021 RITMISCHE GYMNASTIEK H.,2021,5,5
O.S. 2021 PAARDENSPORT. JUMPING H.,2021,2,2
O.S. 2021 WIELRENNEN. BAAN H.,2021,2,2
O.S. 2021 TAFELTENNIS D.,2021,2,2
O.S. 2021 WIELRENNEN. BAAN,2021,4,4
O.S. 2021 BASKETBAL D.,2021,3,3
REIZEN WAES JAPAN,2021,6,3
DE WILDERNIS HERSTELD,2021,3,3
O.S. 2021 BASKETBAL H.,2021,5,5
O.S. 2021 PAARDENSPORT. JUMPING - DEVOS - GUERY - WATHELET,2021,2,2
STUDIO TOKIO,2021,16,16
VAN HIER TOT IN TOKIO,2021,17,17
GASTON EN LEO IN HONG KONG,2021,2,1
O.S. 2021 ATLETIEK,2021,7,7
MAIGRET,2021,7,1
O.S. 2021 HANDBAL D.,2021,2,2
BAYWATCH,2021,3,1
THE PLAYGROUND OF THE SEALS,2021,2,1
EARTH'S TROPICAL ISLANDS - MADAGASCAR,2021,2,1
ALBATROS,2021,8,8
MY NEW GREEK LIFE,2021,4,4
WIELRENNEN. VUELTA - RIT 7 GANDIA>BALCON DE ALICANTE,2021,2,2
"CLIMATE CHANGE, THE FACTS",2021,3,2
TERUG NAAR MORGEN,2021,3,1
TOMORROW NEVER DIES,2021,3,1
UNITE 42,2021,24,5
WAAR IS MARK?,2021,6,6
GEVOEL VOOR TUMOR,2021,13,5
VLAANDEREN HERLEEFT,2021,3,3
SECRETS OF THE ROYAL PALACES,2021,2,1
KLEM,2021,26,5
K3 ZOEKT K3,2021,8,8
BORDER SECURITY (AUS),2021,94,4
SHOOTER,2021,6,2
ANIMAL AMBULANCE,2021,7,7
DEN DOENDE DETEKTIVEN,2021,4,2
THE BLIND SIDE,2021,2,1
VB. BK - GENK/ANDERLECHT,2021,2,2
DE OMGEKEERDE WERELD,2021,12,12
HET RAD,2021,46,21
"CARAIBES SAUVAGES, LES RIVAGES DE LA BIODIVERSITE",2021,2,1
OS. PARALYMPICS (S.),2021,10,10
"TOUTANKHAMON, LE TRESOR REDECOUVERT",2021,2,1
WILD UGANDA,2021,2,1
JERRY MAGUIRE,2021,2,1
WIELRENNEN. EK. TRENTINO H.,2021,3,3
CASINO ROYALE,2021,5,1
VB. C1 UEFA SCHIFT - CL.BRUGGE/PARIS-ST-G.,2021,2,1
DE TIJD VAN ONS LEVEN,2021,3,3
"MECHANIC, RESURRECTION",2021,4,2
VB. BK - STANDARD/ANDERLECHT,2021,2,2
HET SCHELDEPELOTON,2021,4,4
WIELRENNEN. WK. VLAANDEREN D.,2021,2,2
VELDRIJDEN. BREDENE H.,2021,4,1
WIELRENNEN. WK. VLAANDEREN H.,2021,4,4
SKYFALL,2021,7,1
"CAMPING COPPENS, ONZE ZWEEDSE ZOMER",2021,4,4
ALLOO LIVE,2021,2,2
THE GREEN MILE,2021,4,1
WIELRENNEN. PARIJS-ROUBAIX,2021,4,1
ONVERWACHT,2021,6,6
GREEK ISLAND ODYSSEY,2021,6,6
F1. WK. GP. TURKIJE,2021,2,1
TRAFIEK AXEL,2021,6,2
LET'S TALK ABOUT SEX,2021,7,7
VOOR ALTIJD KAMPIOEN!,2021,5,5
OUTLIER,2021,4,4
"NATIONAL TREASURE II, BOOK OF SECRETS",2021,4,2
IK BEN REMCO,2021,2,2
THE LAST WITCH HUNTER,2021,2,1
THE BEST OF,2021,8,8
HELDEN VAN DE KINDERKLINIEK,2021,10,3
VB. BK - SINT-TRUIDEN/CL.BRUGGE,2021,2,2
"BLIND GETROUWD, DE JUBILEE",2021,2,2
DE NOODCENTRALE AMERIKA,2021,2,2
TESTAMENT OF YOUTH,2021,2,1
VELDLOPEN. MOL (S.),2021,2,1
ALS JE ONS KAN HOREN,2021,4,4
VELDRIJDEN. NIEL H.,2021,5,1
VELDRIJDEN. NIEL D.,2021,5,1
27 DRESSES,2021,4,1
"MARTIN CLUNES, ISLANDS OF AMERICA",2021,8,4
BELGIUM'S GOT TALENT,2021,85,12
TEMPTATION ISLAND - LOVE OR LEAVE,2021,8,8
K2 ZOEKT K3,2021,12,12
STELLA BLOMKVIST,2021,6,3
INTERIEURTALENT GEZOCHT MET VTWONEN,2021,4,4
WOUT,2021,2,2
SAAR IN HET BOS,2021,6,6
RODE NEUZEN DAG,2021,2,1
LONDON HAS FALLEN,2021,5,1
GREAT AMERICAN RAILROAD JOURNEYS,2021,18,7
KOM OP TEGEN KANKER,2021,2,2
CHEYENNE & LOLA,2021,8,8
EXTRA JOURNAAL - OVERLEGCOMITE,2021,5,5
HET HUIS - CONNER ROUSSEAU,2021,2,2
DOWNTON ABBEY,2021,3,1
HIT THE ROAD JACQUES,2021,5,5
WILLY STEVENIERS,2021,2,1
'T IS GEBEURD,2021,55,3
GROND,2021,6,6
AMERICAN SNIPER,2021,3,2
FURIA,2021,4,4
DE BENDE VAN JAN DE LICHTE,2021,10,10
SISSI,2021,2,1
DE STERKSTE HANDEN,2021,8,8
VRT NIEUWS UPDATE - OVERLEGCOMITE,2021,2,2
DRAAGMOEDERS,2021,6,6
WAT ALS? EINDEJAARSSPECIAL,2021,3,1
WIELERJAAR 2021,2021,2,2
JAAROVERZICHT,2021,7,1
GRIZZLY BEAR CUBS AND ME,2021,2,2
LONDON KILLS,2021,6,1
SPOED,2021,41,3
TRUE LIES,2022,3,1
"ED SHEERAN, SPECIAL VOOR DE WARMSTE WEEK",2022,2,1
RAYMOND GOETHALS MAGIE IN MARSEILLE,2022,2,2
VELDRIJDEN. MIDDELKERKE D.,2022,3,1
A STAR IS BORN,2022,2,1
VELDRIJDEN. MIDDELKERKE H.,2022,4,2
TOKIO 2020,2022,2,2
AMERICAN RAILROAD JOURNEYS,2022,2,1
INFERNO,2022,2,1
"HELDEN VAN HIER, ONTPLOFFING PAARDENMARKT",2022,3,1
TAKEN 3,2022,7,1
"REIZEN WAES, NEDERLAND",2022,6,3
HET HOOGSTE BOD,2022,14,4
VIERVOETERS,2022,10,2
"CUDDLY & WILD, ADORABLE ANIMAL BABIES",2022,2,1
SPY,2022,7,1
THE NEXT THREE DAYS,2022,2,1
LOIC TUSSEN 2 VUREN,2022,5,4
VELDRIJDEN. WK. FAYETTEVILLE H.,2022,2,2
"EXODUS, GODS AND KINGS",2022,4,1
CUPIDO OFZO,2022,14,5
DEN SOM DRAEBER,2022,4,4
A GOOD DAY TO DIE HARD,2022,5,1
"INDEPENDENCE DAY, RESURGENCE",2022,4,1
BAPTISTE,2022,12,6
O.S. 2022 KUNSTSCHAATSEN - LOENA HENDRICKX,2022,2,2
AMERICAN MADE,2022,2,1
VELDLOPEN. HANNUIT (S.),2022,2,1
AIR FORCE ONE,2022,2,1
SPORZA BEIJING 2022,2022,7,7
THE LONG CALL,2022,2,2
JOHNNY ENGLISH,2022,6,1
FAROEK,2022,54,1
INTOUCHABLES,2022,3,1
"PIRATES OF THE CARIBBEAN, THE CURSE OF THE BLACK PEARL",2022,5,1
NIETS GAAT OVER,2022,6,6
TWEE ZOMERS,2022,6,6
THE DEPARTED,2022,4,1
MARBLE MANIA,2022,6,6
RIJKER DAN JE DENKT?,2022,144,7
BENIDORM BASTARDS,2022,2,1
WORLD WAR Z,2022,4,1
ATLETIEK. WK. INDOOR BELGRADO,2022,2,2
GLAD IJS,2022,10,10
WIELRENNEN. 3-DAAGSE BRUGGE-DE PANNE,2022,4,1
PARADIJS ZOEKT PERSONEEL,2022,9,9
SENSE AND SENSIBILITY,2022,2,1
THE SECRET LIFE OF THE ZOO,2022,72,3
"PIRATES OF THE CARIBBEAN, SALAZAR'S REVENGE",2022,3,1
HET SCHELDEPELOTON - THE KINGS OF COOL,2022,2,1
MICHAEL PALIN IN NORTH KOREA,2022,4,2
10X DE MOL,2022,2,2
GE HADT ERBIJ MOETEN ZIJN,2022,20,2
DE PFAFFS,2022,3,2
"BLIND GEKOCHT, JAREN LATER",2022,2,2
VB. WK. LOTING,2022,3,1
"ISLANDS IN TIME, A WILDLIFE ODYSSEY",2022,2,1
GINO'S ITALIAN COASTAL ESCAPE,2022,2,1
HET SCHELDEPELOTON - WW 108,2022,2,1
DE NOTARIS,2022,4,4
ZIJN DAAR GEEN BEELDEN VAN?,2022,3,3
THE COLOR PURPLE,2022,2,1
MANHUNT,2022,5,1
PITCH PERFECT 3,2022,3,1
VRANCKX & DE NOMADEN,2022,17,3
WHITE HOUSE DOWN,2022,7,1
"THOR, RAGNAROK",2022,3,1
ICELAND WITH ALEXANDER ARMSTRONG,2022,3,3
FIRST DATES TEENS,2022,3,1
WERELDRECORD,2022,15,3
HAAR NAAM WAS GRACE KELLY,2022,2,1
ALLOO EN TOT ZIENS,2022,8,8
THE MUMMY (2017),2022,2,1
VB. BB. FIN,2022,8,1
EXTRA TIME KOERS,2022,18,2
"SECRETS OF THE MEDITERRANEAN, LIFE IN EXTREMES",2022,2,1
CHARLIE'S ANGELS,2022,2,1
THE VOICE KIDS - THE BLIND AUDITIONS,2022,15,7
LOST LUGGAGE,2022,6,6
INSIDE THE VATICAN,2022,2,2
DE BACHELOR,2022,5,5
DE CONTAINER CUP,2022,57,17
AQUAMAN,2022,2,1
SECRETS OF THE MEDITERRANEAN - LIFE IN BETWEEN,2022,2,1
SALT,2022,4,1
JUNIOR BAKE OFF,2022,7,1
WELKOM IN DE FAMILIE,2022,6,6
R.I.P.D.,2022,3,1
COYOTE UGLY,2022,4,1
JOANNA LUMLEY'S BRITAIN,2022,3,3
VB. BK - ANTWERPEN/ANDERLECHT,2022,2,1
LADYTRUCKERS,2022,11,7
EUROVISIE SONGFESTIVAL - HALVE FINALE,2022,4,2
SULLY,2022,2,1
EUROVISIE SONGFESTIVAL - FINALE,2022,3,1
COLD PURSUIT,2022,3,1
MAGICAL LAND OF OZ,2022,5,2
TRIGGER POINT,2022,3,3
THE VOICE KIDS - KNOCKOUT,2022,9,5
ALLOO BIJ... - AXEL DAESELEIRE,2022,2,2
LE CORNIAUD,2022,2,1
ORANGUTAN JUNGLE SCHOOL,2022,4,1
JOANNA LUMLEY'S HIDDEN CARIBBEAN,2022,3,1
LOST TOMBS OF THE ANCIENT MAYA,2022,2,2
ALLOO BIJ... - KAREN DAMEN,2022,2,2
DE COOKE & VERHULST SHOW,2022,70,24
THE VOICE KIDS - THE FINALS,2022,3,1
DUNKIRK,2022,4,1
"MISSION IMPOSSIBLE, GHOST PROTOCOL",2022,4,1
BILLY ELLIOT,2022,3,1
WIELRENNEN. GP. MARCEL KINT,2022,3,1
13 GEBODEN,2022,26,13
PATROUILLE LINKEROEVER,2022,10,1
DEADPOOL,2022,3,1
"LUC & BART, EEN PAAR APART",2022,4,2
DIE HARD 4.0,2022,7,1
AXEL OPGELICHT,2022,21,1
COME DANCE WITH ME,2022,8,8
THE MUMMY,2022,3,1
OP INTERVENTIE,2022,14,6
WIELRENNEN. DAUPHINE LIBERE - RIT 4 MONTBRISON>LA BATIE D'URFE,2022,2,2
ALLOO BIJ... - BART DE WEVER,2022,2,1
DECEIT,2022,2,2
WHITE HOUSE FARM,2022,6,3
KAN IEDEREEN NOG VOLGEN?,2022,28,1
THE JACKAL,2022,2,1
THE DEVIL WEARS PRADA,2022,3,1
MOUNTAIN VETS,2022,4,4
F1. WK. GP. AZERBEIDZJAN (S.),2022,3,1
DE ERFGENAAM,2022,2,2
DA'S DIKKE LIEFDE,2022,2,2
DE AMBASSADE,2022,10,1
DE GROOTSTE LEFGOZER,2022,2,2
ALLOO BIJ... - AN LEMMENS,2022,2,1
BARILOCHE,2022,5,5
TOPMAKELAARS,2022,3,3
HIGHLANDER,2022,3,1
PITCH PERFECT,2022,5,1
JUNIOR OP ZOEK NAAR DE LIEFDE,2022,9,9
MENEER VANNESTE,2022,5,5
ALLOO BIJ... - BART KAELL,2022,2,1
"BOER ZKT VROUW, BLIND VERLIEFD",2022,14,13
THE PEMBROKESHIRE MURDERS,2022,4,2
APOLLO 13,2022,2,1
GO APE,2022,2,1
WE ARE FAMILY,2022,6,6
REPTILES RULE,2022,2,1
A CONFESSION,2022,5,2
HET HUIS - WOUT VAN AERT,2022,3,1
SPORT/VROUW,2022,8,8
UNKNOWN,2022,4,1
HET HUIS - JACQUES VERMEIRE,2022,2,1
"DE MEILANDJES ZONDER CENTEN, CHATEAU BIJSTAND",2022,8,8
VILLA ZUID-AFRIKA,2022,10,7
DE VERHULSTJES IN SAINT-TROPEZ,2022,9,2
DE HELAASHEID DER DINGEN,2022,3,1
"JOHN WICK, CHAPTER 2",2022,3,1
SECTION DE RECHERCHES,2022,13,2
DIE HUIS - DANIRA BOUKHRISS TERKESSIDIS,2022,3,1
ATLETIEK. EUGENE (S.),2022,2,1
DE ZOO ACHTER DE SCHERMEN,2022,10,10
SPARTACUS RUN,2022,16,16
WIELRENNEN. RONDE VAN FRANKRIJK - RIT 20 LACAPELLE-MARIVAL>ROCAMADOUR,2022,2,2
COCO,2022,2,1
WIELRENNEN. RONDE VAN FRANKRIJK - RIT 21 PARIS LA DEFENSE ARENA>PARIS CHAM,2022,2,2
ATLETIEK. WK. EUGENE,2022,3,3
MONTY DON'S ADRIATIC GARDENS,2022,3,3
ATLETIEK. WK. EUGENE (S.),2022,9,9
WIELRENNEN. RONDE VAN FRANKRIJK D. - RIT 7 SELESTAT>LE MARKSTEIN,2022,2,2
PETER RABBIT,2022,2,1
CRAITH,2022,11,1
VB. EK. D. FIN,2022,2,1
"AMAZING HOTELS, LIFE BEYOND THE LOBBY",2022,32,6
DIE HUIS,2022,11,1
LES DERNIERES HEURES DE POMPEI,2022,3,1
MISS PEREGRINE'S HOME FOR PECULIAR CHILDREN,2022,5,1
"WILL TURA, HOOP DOET LEVEN",2022,3,1
DIE HUIS - CHRISTOFF DE BOLLE,2022,2,1
GREASE,2022,2,1
MR. BEAN'S HOLIDAY,2022,3,1
TURNEN. EK.MUNCHEN D.,2022,2,2
ZWEMMEN. EK.MUNCHEN (S.),2022,2,2
"BRITAIN'S MOST LUXURIOUS HOTELS, THE LANGHAM",2022,2,2
BAANWIELRENNEN. EK. MUNCHEN H.,2022,2,2
ATLETIEK. EK. MUNCHEN,2022,2,2
BAANWIELRENNEN. EK. MUNCHEN,2022,4,4
WIELRENNEN. EK. MUNCHEN H.,2022,2,2
SERENGETI,2022,14,2
HASTA LA VISTA,2022,3,1
BOHEMIAN RHAPSODY,2022,3,1
NAKED ATTRACTION,2022,19,7
CHRISTOPHER ROBIN,2022,3,1
VAKANTIEHUIS FOR LIFE,2022,14,7
"RED PANDA, WORLD'S CUTEST ANIMAL",2022,2,1
"HAMPTON COURT, BEHIND CLOSED DOORS",2022,2,2
MERCI VOOR DE MUZIEK,2022,16,7
DE KLAS,2022,30,7
VAN ALGEMEEN NUT,2022,30,9
"FILIP VAN BELGIE, DE LANGE WEG NAAR DE TROON",2022,9,4
HET BESTE BOD,2022,11,11
DAT BELOOFT VOOR LATER,2022,31,10
MY BIG FAMILY FARM,2022,12,8
KILLERS,2022,3,1
"BELGA SPORT - TIA HELLEBAUT, DE GROTE SPRONG VOORWAART",2022,2,1
DAGELIJKSE ZOMERKOST,2022,157,49
NOTTING HILL,2022,3,1
WILD VAN DIEREN,2022,2,2
RADIO 2 ZOMERHIT,2022,14,11
F1. WK. GP. BELGIE,2022,5,1
ZUIDFLANK,2022,11,11
WAARHEID DURVEN OF DOEN,2022,47,23
NEIGHBOURS,2022,231,1
BRIDGET JONES'S DIARY,2022,4,1
SAN ANDREAS,2022,5,1
VB. BK - ANDERLECHT/LEUVEN,2022,2,1
1917,2022,2,2
F1. WK. GP. ITALIE,2022,2,1
WIELRENNEN. PRIMUS CLASSIC,2022,5,1
VELDRIJDEN. KRUIBEKE H.,2022,6,1
VELDRIJDEN. KRUIBEKE D.,2022,4,1
TAXI JORIS,2022,7,7
WIELRENNEN. WK. TIJDRIT WOLLONGONG (S.),2022,2,2
NIET SCHIETEN,2022,2,1
VB. NATIONS LEAGUE UEFA - BELGIE/NEDERLAND,2022,2,2
VB. NATIONS LEAGUE UEFA,2022,5,2
DARTS. BELGIAN OPEN,2022,2,2
HET OUDSTE BEROEP,2022,5,5
DE KLIM VAN JE LEVEN,2022,4,4
F1. WK. GP. SINGAPORE (S.),2022,2,1
WIELRENNEN. BINCHE-CHIMAY-BINCHE,2022,2,1
CHOCOLAT,2022,2,1
FAST & FURIOUS 7,2022,2,1
DE SCHAAL VAN PASCALE,2022,5,5
"JAMBERS, BACK TO THE NINETIES",2022,6,6
VB. C1 UEFA SCHIFT - AT.MADRID/CL.BRUGGE,2022,2,1
VB. BK - ANDERLECHT/CL.BRUGGE,2022,5,2
OVER ETEN,2022,25,9
REGI ACADEMY,2022,7,3
VB. BK - UNION ST-GILLOISE/CL.BRUGGE,2022,2,2
VRT NIEUWS UPDATE,2022,12,2
THE VOICE VAN VLAANDEREN - THE BLIND AUDITIONS,2022,22,5
VB. BK - GENK/KV.MECHELEN,2022,2,2
VELDRIJDEN. RUDDERVOORDE H. (S.),2022,2,1
FLIKKEN BXL,2022,12,4
VICTORIA & ABDUL,2022,2,1
FAST & FURIOUS 8,2022,3,1
GYM. WK. LIVERPOOL,2022,2,2
100 JAAR ZESDAAGSE,2022,5,5
DE ALLERSLIMSTE MENS TER WERELD,2022,40,40
THE VOICE VAN VLAANDEREN - KNOCKOUT,2022,11,2
DARKEST HOUR,2022,2,1
VB. BK - ANDERLECHT/GENK,2022,2,1
BESTE KIJKERS,2022,78,18
"REIZEN WAES, WERELDSTEDEN",2022,9,9
UNCLE MARTIN,2022,8,8
VOOR DE AFTRAP,2022,2,1
25 JAAR CANVAS,2022,4,4
HET GROTE ONBEKENDE,2022,9,9
THE LEGEND OF TARZAN,2022,5,2
YESTERDAY,2022,2,2
VB. WK. SCHIFT. - FRANKRIJK/AUSTRALIE,2022,2,1
THE VOICE VAN VLAANDEREN - THE BATTLE,2022,7,2
"STRAFRECHTERS - BESCHULDIGDE, STA OP",2022,2,1
IN DE GLORIA,2022,5,5
VB. WK. SCHIFT. - SERVIE/ZWITSERLAND,2022,2,1
VELDRIJDEN. BOOM D. (S.),2022,2,1
BLACK SANDS,2022,4,4
VELDRIJDEN. BOOM H.,2022,2,1
FIFA WORLD CUP QATAR 2022,2022,12,12
CYCLO-CROSS. WC.,2022,2,1
STRAFRECHTERS - SCHULD EN BOETE,2022,2,1
EVEN GOEIE VRIENDEN,2022,12,12
VB. WK. 1/4F - KROATIE/BRAZILIE,2022,2,2
ALLEMAAL FAMILIE,2022,3,1
RATATOUILLE,2022,2,1
ALLES KAN BETER,2022,4,4
FAKE NEWS & IK,2022,2,2
"K3, EEN JAAR LATER",2022,4,4
VILLA SPORZA,2022,91,29
SIMON REEVE'S SOUTH AMERICA,2022,3,3
VLAMMEN TEGEN KANSARMOEDE,2022,2,2
THE VOICE VAN VLAANDEREN - LIVE,2022,12,4
"CIRQUE DU SOLEIL, VOLTA",2022,2,1
CHRISTMAS WITH THE KRANKS,2022,3,1
CRIME SCENE INVESTIGATION,2022,2,1
UW FILM VAN HET JAAR,2022,3,1
KERSTBOODSCHAP VAN DE PAUS,2022,2,1
KERSTCONCERT VANUIT HET PALEIS,2022,4,1
LA GRANDE VADROUILLE,2022,5,2
VELDRIJDEN. GAVERE,2022,5,1
VELDRIJDEN. DIEGEM,2022,2,1
VELDRIJDEN. BREDENE,2022,4,1
THOSE WERE THE DAYS,2022,2,2
VELDRIJDEN. LOENHOUT,2022,3,1
BLOODLANDS,2022,5,3
AMERICA'S FUNNIEST HOME VIDEOS,2022,5,1
"KAMAL KHARMACH, MAG IK EVEN?",2022,5,2
HET JAAROVERZICHT,2022,3,3
"MISSION IMPOSSIBLE, FALLOUT",2023,3,1
EUROPE'S MICROSTATES,2023,3,3
VELDRIJDEN. GULLEGEM H.,2023,2,1
VELDRIJDEN. GULLEGEM D.,2023,2,1
3HZ,2023,8,1
LA LA LAND,2023,3,1
BOWLING BALLS,2023,5,1
A TOUCH OF FROST,2023,25,1
VB. BK - GENK/CL.BRUGGE,2023,3,1
OUT OF OFFICE,2023,8,2
"ZO MAN, ZO VROUW",2023,31,1
GR5,2023,9,1
"SPORTJAAR 2022, BLINKENDE BELGEN",2023,3,2
BILJART. BLANKENBERGE (S.),2023,3,1
TERZAKE,2023,26,1
KENNISMAKERS,2023,5,3
HUNTERS,2023,3,3
TINY HOUSE BATTLE,2023,8,6
TUSSEN 2 VUREN,2023,6,4
THE HEAT,2023,7,1
VB. BK - ZULTE WAREGEM/CL.BRUGGE,2023,3,1
BORDER SECURITY (USA),2023,13,4
EXTRA TIME CROSS,2023,5,1
CHICAGO MED,2023,7,1
VELDRIJDEN. WK. HOOGERHEIDE - BELOFTEN H.,2023,2,2
DAGEN ZONDER BROER,2023,3,3
SOS 112,2023,37,1
VB. BK - CL.BRUGGE/UNION ST-GILLOISE,2023,2,1
GOOD WILL HUNTING,2023,2,1
VIEWPOINT,2023,3,3
"WAGNER, HET SCHADUWLEGER VAN POETIN",2023,2,1
VB. C1 UEFA 1/8F,2023,21,1
DARTS. PREMIER LEAGUE,2023,5,2
SPY IN THE WILD,2023,5,1
VB. BK - CE.BRUGGE/CL.BRUGGE,2023,2,1
JOHNNY ENGLISH REBORN,2023,7,1
ALLOO IN DE NACHT,2023,54,7
DE WEEKENDEN,2023,29,8
BAANTJER,2023,17,8
GREAT ASIAN RAILWAY JOURNEYS,2023,12,2
VELDLOPEN. BK. BRUSSEL H.,2023,2,1
VELDLOPEN. BK. BRUSSEL D.,2023,2,1
JAN JAAP OP ZONDAG,2023,5,5
VB. BK - CL.BRUGGE/GENT,2023,5,1
VB. BK - OOSTENDE/CL.BRUGGE,2023,2,1
THE TRUTH WILL OUT,2023,6,3
VERKRACHT AAN HET FRONT,2023,2,2
HET VERHAAL VAN VLAANDEREN,2023,11,11
VRT NWS JOURNAAL,2023,40,40
ATLETIEK. EK. INDOOR ISTANBUL,2023,4,4
THE LEGEND OF ZORRO,2023,2,1
NIEUWS VTM,2023,32,32
WIELRENNEN. PARIJS-NICE,2023,19,6
CYCL. TIRRENO-ADRIATICO,2023,4,2
1985,2023,8,8
DE BUNKER,2023,8,1
TOP GUN,2023,6,1
BASKET. BB. FIN (S.),2023,2,1
"VERLIEFD, VERLOOFD, GETROUWD IN 24U",2023,8,8
LUCHTHAVEN 24/7,2023,15,3
WIELRENNEN. 3-DAAGSE BRUGGE-DE PANNE D.,2023,2,1
WILD CHINA WITH RAY MEARS,2023,4,1
VB. EK. KWALIF,2023,7,1
THE GREATEST DANCER,2023,8,8
DE VERMEIRES,2023,8,8
HIDDEN,2023,2,2
TULPEN UIT ANTWERPEN,2023,7,7
BREATHE,2023,2,1
VB. BK - KV.MECHELEN/CL.BRUGGE,2023,2,1
1 JAAR GRATIS,2023,52,13
SPORZA,2023,125,6
VB. BK - STANDARD/GENK,2023,2,1
ONDER DE RADAR,2023,7,7
RECHT NAAR DE GEVANGENIS,2023,7,7
EUROPA AND CONFERENCE LEAGUE,2023,2,2
REDEMPTION,2023,3,3
THE GLASS CASTLE,2023,2,1
BECOMING ASTRID,2023,2,1
AUWCH,2023,28,1
"PATRICK LEFEVERE, GODFATHER VAN DE KOERS",2023,11,11
SEVEN YEARS IN TIBET,2023,3,1
CROSSFIRE,2023,2,2
BASKET. BK. FIN H. (S.),2023,2,1
WIELRENNEN. LUIK-BASTENAKEN-LUIK D.,2023,3,1
WAAROM WACHTEN,2023,2,2
DE WONDERJAREN,2023,14,8
COMEDY TOPPERS,2023,110,13
VB. BB. 1/2F,2023,8,1
"STUDIO GUGA, ONGEHOORD",2023,2,1
VB. BK - GENK/CE.BRUGGE,2023,2,1
SNOOKER. WORLD CHAMPIONSHIP,2023,2,2
DE CEL VERMISTE PERSONEN,2023,7,3
"GUY MORTIER, SCHUDDEN VOOR GEBRUIK",2023,2,2
HOSTILES,2023,2,1
ZONDER AFSPRAAK,2023,3,3
"CAMILLE, LIVE IN DE LOTTO ARENA",2023,2,1
VB. BK - ANTWERPEN/GENK,2023,2,1
"ABBA FOREVER, THE WINNER TAKES IT ALL",2023,4,2
DE TAFEL VAN VIER,2023,58,36
ANGEL HAS FALLEN,2023,3,1
SOUDAL OPEN,2023,4,1
HELDEN VAN HET INTERNET,2023,2,2
ESCAPE PLAN,2023,5,1
VB. BK - ANTWERPEN/CL.BRUGGE,2023,3,1
IK VERTREK,2023,3,2
WIELRENNEN. CIRCUIT DE WALLONIE,2023,2,1
FLODDER IN AMERIKA!,2023,3,1
AGENT HAMILTON,2023,9,4
"F.C. DE KAMPIOENEN, KAMPIOEN ZIJN BLIJFT PLEZANT",2023,3,1
WIELRENNEN. ANTWERPEN PORT EPIC,2023,3,1
VB. BK - CL.BRUGES/ANTWERPEN,2023,3,1
BORIS,2023,8,8
TINA,2023,2,1
911,2023,7,7
FLODDER III,2023,2,1
CARDINAL,2023,20,1
"FC DE KAMPIOENEN 2, JUBILEE GENERAL!",2023,6,1
VB. BK - ANTWERPEN/UNION ST-GILLOISE,2023,2,1
THE REAL CROWN,2023,4,4
DE BOEKATHON,2023,4,2
VB. BK - CL.BRUGGE/GENK,2023,3,1
WIELRENNEN. HEISTSE PIJL,2023,4,1
"FC DE KAMPIOENEN 3, FOREVER",2023,3,1
KIM CLIJSTERS COME BACK HOME,2023,5,5
VB. C1 UEFA 1/4F,2023,10,2
GEUBELS EN DE HOLLANDERS,2023,18,9
"FC DE KAMPIOENEN 4, VIVA BOMA",2023,3,1
WIELRENNEN. ELFSTEDENRONDE,2023,7,1
WIELRENNEN. DWARS DOOR HAGELAND D. (S.),2023,2,1
LANGS DE NIEUWE ZIJDEROUTE,2023,4,4
ANDY OP PATROUILLE,2023,23,7
ATLETIEK. OSLO (S.),2023,3,1
DE EEUWIGE OORLOG,2023,5,3
COLETTE,2023,2,1
DAENS,2023,3,1
INDIANA JONES AND THE TEMPLE OF DOOM,2023,3,1
BLOODSHOT,2023,2,1
30 JAAR FAMILIE FEEST,2023,2,1
NATURE'S NURSERIES,2023,2,1
"SAFETY FIRST, THE MOVIE",2023,5,1
PATIENT DOMPI,2023,8,8
SHALOM ALLEMAAL!,2023,10,10
8ERAF!,2023,2,1
VERMASSEN,2023,11,4
CLASSIQUE GILBERT,2023,5,4
INDIANA JONES AND THE LAST CRUSADE,2023,4,1
"JOHNNY ENGLISH, STRIKES AGAIN",2023,2,1
PATSER,2023,5,1
FORREST GUMP,2023,4,1
ALLES VOOR DE SPELEN,2023,7,7
WHERE THE WILD MEN ARE,2023,9,3
BOYS,2023,2,1
"NCIS, LOS ANGELES",2023,2,2
WIELRENNEN. RONDE VAN FRANKRIJK - RIT 3 AMOREBIETA-ETXANO>BAYONNE,2023,2,2
SABENA,2023,3,3
DIRTY DANCING,2023,3,1
HET LICHAAM VAN COPPENS,2023,43,1
ROBIN HOOD - PRINCE OF THIEVES,2023,3,1
INDIANA JONES AND THE KINGDOM OF THE CRYSTAL SKULL,2023,5,1
WIELRENNEN. RONDE VAN FRANKRIJK,2023,30,5
HET VARKEN VAN MADONNA,2023,2,1
GROETEN UIT...,2023,63,6
DIEF!,2023,2,1
THE FUGITIVE,2023,3,1
DE JAREN '90 VOOR DUMMIES,2023,10,10
THE BOURNE SUPREMACY,2023,2,1
ELEPHANTS UP CLOSE,2023,2,2
INNOCENT,2023,5,2
BALTHAZAR,2023,7,1
KOPEN ZONDER KIJKEN,2023,4,2
DE ZEVENDE HEMEL,2023,2,1
ANIMALITIS,2023,15,1
TUSSEN OORLOG EN LEVEN,2023,6,6
"SIX DAYS, SEVEN NIGHTS",2023,3,1
THE SECRET LIFE OF PETS 2,2023,2,1
REIZEN WAES,2023,21,5
WIELRENNEN. RONDE VAN FRANKRIJK - RIT 21 SAINT-QUENTIN-EN-YVELINES>PARIS C,2023,2,2
SHE GOOD FIGHTER,2023,2,1
STRAFPLEITERS,2023,12,6
DE JAREN 2000 VOOR DUMMIES,2023,3,2
WIELRENNEN. CLASICA SAN SEBASTIAN,2023,2,1
WIELRENNEN. RONDE VAN FRANKRIJK D. - RIT 7 LANNEMEZAN>TOURMALET BAGNERES-DE-B,2023,2,2
ACHTER DE WOLKEN,2023,5,1
WIELRENNEN. RONDE VAN FRANKRIJK D. - MET MAARTEN EN MARIJN,2023,7,7
F1. WK. GP. BAHREIN (S.),2023,4,2
DWARS DOOR DE MIDDELLANDSE ZEE,2023,20,10
HUIZENJAGERS BUITENLAND,2023,3,2
ALLOO SEXPLICIET,2023,4,4
GINA & CHANTAL,2023,20,10
THE LORD OF THE RINGS II,2023,4,1
UNKNOWN MADAGASCAR,2023,2,2
VIGIL,2023,5,3
AANRIJDING IN MOSCOU,2023,3,1
BEESTIG,2023,48,3
VB. BK - ANDERLECHT/ANTWERPEN,2023,2,2
WIELRENNEN. WK. WEGRIT GLASGOW H.,2023,3,3
"TRUMP, THE WHITE HOUSE YEARS",2023,2,2
WIELRENNEN. WK. WEGRIT GLASGOW D.,2023,2,2
THE DA VINCI CODE,2023,7,1
THE LORD OF THE RINGS III,2023,4,1
KNIVES OUT,2023,2,1
DES,2023,3,1
VB. WK. 1/4F D. (S),2023,2,2
BAANWIELRENNEN. WK. GLASGOW D.,2023,7,7
DE ZAAK ALZHEIMER,2023,4,1
NADIYA'S AMERICAN ADVENTURE,2023,2,2
DE COLLEGA'S 2.0,2023,3,1
EARTH'S GREAT RIVERS,2023,4,3
ANGELS & DEMONS,2023,6,1
ZOMERHIT 2023,2023,6,6
BRITAIN'S BUSIEST AIRPORT HEATHROW,2023,64,10
VB. WK. D. (S.),2023,6,6
"JURASSIC WORLD, FALLEN KINGDOM",2023,3,1
PATRICK,2023,2,1
EAST NEW YORK,2023,5,5
...VOOR DUMMIES,2023,40,23
TIEN OM TE ZIEN (2023),2023,7,7
THE DOG HOUSE,2023,25,1
SPY IN THE OCEAN,2023,3,3
SPRAKELOOS,2023,3,1
HET TWEEDE GELAAT,2023,5,1
ATLETIEK. WK. BOEDAPEST,2023,10,10
WAT EEN JAAR,2023,60,10
F1. WK. GP. NEDERLAND (S.),2023,2,1
SAFETY FIRST,2023,25,8
BRASSERIE ROMANTIEK,2023,3,1
"ALEX AGNEW, BE CAREFUL WHAT YOU WISH FOR",2023,3,1
DE KEMPING,2023,21,7
"DELPHINE, MIJN VERHAAL",2023,6,3
DAAR DOEN WE HET VOOR,2023,2,2
"BUURMAN, WAT DOET U NU?",2023,50,11
EVIVA ESPANA,2023,18,9
TUSSEN 4 BUREN,2023,8,8
ZOMERAVONDEN,2023,15,15
BITTERSWEET SIXTEEN,2023,3,3
THE PATRIOT,2023,2,1
INSPECTOR MORSE,2023,16,3
STANLEY TUCCI SEARCHING FOR ITALY,2023,2,2
9/11 LIFE UNDER ATTACK,2023,2,1
WIELRENNEN. KAMPIOENSCHAP VAN VLAANDEREN H.,2023,4,1
HET GROTE GELDDEBAT,2023,3,1
LADY TRUCKERS,2023,2,2
DIEREN IN NESTEN,2023,107,18
GODVERGETEN,2023,4,4
JORDY DOET IBIZA,2023,4,4
AUTO. RALLY BK. EAST BELGIAN (S.),2023,2,2
FLIKKEN,2023,322,120
INTERVIEW MET DE GESCHIEDENIS,2023,6,6
DE TATTOO SHOP,2023,6,6
EXTREME MAKEOVER - VLAANDEREN,2023,15,6
"CITIZENS AT WAR, A YEAR IN UKRAINE",2023,2,2
DIANA,2023,4,1
HET DORP ACHTER DE MUUR,2023,3,3
VAN ROSSEM,2023,7,4
LISA,2023,461,99
DON'T LEAVE ME,2023,4,4
DE TWAALF,2023,18,8
TENNIS. EUROPEAN OPEN FIN.,2023,2,1
RED,2023,3,1
KLOPJACHT,2023,26,9
EXEN,2023,4,4
WAAR IS ELKE WEVERS?,2023,5,5
ESCAPE TO THE CHATEAU,2023,47,8
BOOMER,2023,17,17
GELD GEZOCHT,2023,7,7
DE JAREN 90 VOOR TIENERS,2023,10,10
WILD ORPHAN RESCUE,2023,7,1
"CRIMINAL MINDS, EVOLUTION",2023,2,2
BLACKWATER,2023,3,3
#WEETIKVEEL,2023,28,6
KINDERZIEKENHUIS 24/7,2023,36,11
THE BIG BANG,2023,9,9
VELDRIJDEN. SUPERPRESTIGE. MERKSPLAS H.,2023,2,1
VELDRIJDEN. SUPERPRESTIGE. MERKSPLAS D.,2023,2,1
VB. EK. KWALIF - BELGIE/AZERBAIJAN,2023,2,2
THE VOICE KIDS,2023,37,10
ENDEAVOUR,2023,53,15
VELDRIJDEN. KORTRIJK H.,2023,4,1
VELDRIJDEN. KORTRIJK D.,2023,5,1
"HOMMES, ANIMAUX, NATURE",2023,31,9
F1. WK. GP. ABU DHABI (S.),2023,6,1
DAG & NACHT,2023,8,8
VB. EK. LOTING,2023,2,1
THE UNDECLARED WAR,2023,3,3
VELDRIJDEN. BOOM (S.),2023,4,1
HET LAATSTE PORTRET,2023,4,4
MIRAKEL N.71,2023,5,5
"THE HOBBIT, AN UNEXPECTED JOURNEY",2023,6,1
SPORTGALA,2023,3,1
ALLEEN ELVIS BLIJFT BESTAAN,2023,11,7
"THE HOBBIT, THE DESOLATION OF SMAUG",2023,6,1
ROUGH DIAMONDS,2023,8,8
HET BESTE VAN 2023,2023,3,3
LE JARDIN EXTRAORDINAIRE,2023,43,1
SNACKMASTERS,2023,24,7
JACQUES EN URBAIN OP WERELDTOURNEE,2023,8,8
STORM LARA,2023,2,2
START GEMIST,2023,2,2
"DE BUURTPOLITIE, DE KLOK TIKT",2023,45,45
VELDRIJDEN. BK. ANTWERPEN H.,2023,2,1
DOGS IN THE WILD,2023,3,3
"THE HOBBIT, THE BATTLE OF THE FIVE ARMIES",2023,7,1
MIRACLE ON 34TH STREET,2023,6,1
JINGLE ALL THE WAY,2023,2,1
PLANET EARTH 3,2023,2,2
BAKE OFF VLAANDEREN KERST,2023,3,1
PAVAROTTI,2023,2,1
BOER COPPENS,2023,4,4
CHICAGO FIRE,2023,17,2
"THE RAT PACK, CHRISTMAS EDITION",2023,2,2
"URBANUS, DE VUILNISHELD",2023,2,1
DE GEVAARLIJKSTE JOBS VAN VLAANDEREN,2023,3,3
VELDRIJDEN. HEUSDEN-ZOLDER (S.),2023,3,1
MICHAEL BUBLE'S CHRISTMAS IN THE CITY,2023,2,1
THE JUNGLE BOOK,2023,6,1
VELDRIJDEN. HULST H.,2023,6,1
VELDRIJDEN. HULST D.,2023,5,1
"PENGUINS, MEET THE FAMILY",2023,2,1
HONOUR,2023,5,4
#LIKEME IN CONCERT 3,2023,2,1
MR. BEAN,2023,23,8
NIGHT AT THE MUSEUM,2023,3,1
VELDRIJDEN. BAAL,2024,3,1
IK BEN CAMILLE,2024,5,1
ALLOO BIJ...,2024,21,1
CHICAGO P.D.,2024,6,1
MIJN BESTE KERST OOIT,2024,16,2
PAARDENSPORT. JUMPING MECHELEN,2024,7,1
ANNIKA,2024,6,1
CINDERELLA,2024,6,1
WINTER WONDERLAND,2024,3,1
OP WEG MET JAN,2024,17,5
VELDRIJDEN. ZONHOVEN,2024,3,1
PRETTY WOMAN,2024,10,1
VELDRIJDEN. MEULEBEKE D.,2024,5,1
OESJE!,2024,4,1
VELDRIJDEN. MEULEBEKE H.,2024,6,1
ZIE ONS DOEN,2024,2,2
COLUMBO,2024,4,1
VB. BK - GENT/CL.BRUGGE,2024,2,1
DE MAAGDENCLUB,2024,5,1
STARSTRUCK,2024,7,2
THE SUSPECT,2024,3,3
ANIMALS WITH CAMERAS,2024,7,2
DALGLIESH,2024,8,3
VELDRIJDEN. HOOGERHEIDE H.,2024,2,1
ZUID-AFRIKA MET GREGG WALLACE,2024,7,2
ZORGEN VOOR MAMA,2024,21,5
VELDRIJDEN. WK. TABOR U23 H.,2024,2,2
GALAPAGOS,2024,2,2
EIGEN KWEEK,2024,52,4
ATLETIEK. FLANDERS INDOOR GENT,2024,3,1
OORLOGSREPORTERS,2024,3,3
VELDRIJDEN. MALDEGEM H.,2024,4,1
VELDRIJDEN. MALDEGEM D.,2024,2,1
MAESTRO DEGAND,2024,5,5
"AMERICA'S ARCTIC, A REFUGE IMPERILED",2024,2,1
QUANTUM OF SOLACE,2024,6,1
THE ETRUSCAN SMILE,2024,2,1
FRANCISCO DESIR,2024,4,4
NAVALNY,2024,2,1
"ASPE, DE MIDASMOORDEN",2024,2,1
DE ZONEN VAN VAN AS,2024,61,7
PERFECT PARENTING,2024,2,1
THE CAPTURE,2024,8,4
REGI GAAT TROUWEN,2024,4,4
"DE BUURTPOLITIE, VIPS",2024,58,5
SPECTRE,2024,6,1
HOTEL ROMANTIEK,2024,40,8
"DE EXPEDITIE, GROENLAND",2024,9,9
WAT ZOU JIJ DOEN?,2024,8,8
ALLOO IN DE BUITENLANDSE GEVANGENIS,2024,15,7
HOUSE OF THE DRAGON,2024,4,4
WIELRENNEN. STRADE BIANCHE H.,2024,6,1
NO TIME TO DIE,2024,2,1
WIELRENNEN. STRADE BIANCHE D.,2024,5,2
WIELRENNEN. GP. MONSERE,2024,6,1
DARTS. UK OPEN,2024,2,1
GREEN BOOK,2024,2,1
GINO'S ITALIAN EXPRESS,2024,6,2
CHATEAU MEILAND,2024,51,6
DARTS. BLAKLADER OPEN,2024,2,1
HET NIEUWE IJZEREN GORDIJN,2024,4,4
SARA,2024,231,21
THE MISFITS,2024,2,1
"JOHN WICK, CHAPTER 3",2024,2,1
GEWOON BUITENGEWOON,2024,7,7
PUTIN & THE WEST,2024,4,1
WILD NEDERLAND,2024,2,1
INSIDE TARONGA ZOO,2024,54,2
JACK REACHER,2024,6,1
"KOM OP TEGEN KANKER, ALLES IN DE STRIJD",2024,9,5
"HELDEN VAN HIER, DOOR HET VUUR",2024,56,7
HETERDAAD,2024,35,35
DEN OF THIEVES,2024,4,1
ONS DNA,2024,13,4
CALL OF THE WILD,2024,3,1
JULIET,2024,6,6
VB. JUPILER PRO LEAGUE - CLUB BRUGGE - RSC ANDERLECHT,2024,2,2
HET PROCES DAT NIEMAND WOU,2024,3,3
"MOORDZAKEN, LEVENSLANG",2024,7,7
GEUB,2024,16,8
STEELTOWN MURDERS,2024,2,2
INSIDE EDINBURGH ZOO,2024,20,4
HET ONBEKENDE,2024,9,9
ALS JE EENS WIST,2024,6,1
AMERICAN ASSASSIN,2024,2,1
DE KASTEELMOORD,2024,8,4
RESTAURANT MISVERSTAND,2024,22,9
THE VOICE VAN VLAANDEREN,2024,54,19
GESTRAND OP HONEYMOON ISLAND,2024,18,10
"CHERNOBYL, THE NEW EVIDENCE",2024,3,1
DE KRAAK,2024,7,7
BLIND GESPRONGEN,2024,15,9
OP EEN ANDER,2024,2,2
ASPE,2024,210,8
DE BUURTPOLITIE,2024,1450,10
FRONTLINIE,2024,3,1
FAMILIES XXL,2024,7,7
REYKA,2024,4,4
THE BROKENWOOD MYSTERIES,2024,36,3
COMEDY CASINO,2024,4,4
CLOSE TO ME,2024,3,3
GROEIEN & BLOEIEN,2024,10,10
F1. WK. GP. ITALIE (S.),2024,5,1
DOOR DE BOMEN,2024,6,6
BOMPA BOCKIE,2024,6,6
DURF TE VRAGEN,2024,42,8
AMAI ZEG WAUW,2024,47,22
SING AGAIN,2024,4,4
DISOBEDIENCE,2024,2,1
ALADDIN,2024,2,1
JUNIOR BAKE OFF VLAANDEREN,2024,14,6
WIELRENNEN. GIRO,2024,7,1
FACE TO FACE,2024,4,2
F1. WK. GP. MONACO (S.),2024,3,1
ROBIN HOOD,2024,8,1
NONKELS,2024,32,13
TITANIC,2024,6,1
"HELDEN VAN HIER, DE KUST",2024,13,6
WIELRENNEN. BRUSSELS CYCLING CLASSIC,2024,7,1
DE SPOR,2024,2,2
HET GROTE DEBAT,2024,3,1
"DON'T WORRY, BE HAPPY",2024,36,8
DE VERKIEZINGSTAFEL,2024,7,7
"MARTIN CLUNES, ISLANDS OF THE PACIFIC",2024,4,1
HET CONCLAAF,2024,4,4
"JAN JAAP VAN DER WAL, SCHOON",2024,2,1
ANGELA BLACK,2024,4,4
WIELRENNEN. DWARS DOOR HAGELAND,2024,8,1
HET PERFECTE PLAATJE,2024,7,7
BRIDGET JONES'S BABY,2024,4,1
OLYMPUS HAS FALLEN,2024,6,1
ALLES MAG WEG,2024,7,7
TENNIS. ROLAND GARROS,2024,10,1
F1. WK. GP. VERENIGDE STATEN (S.),2024,2,1
"SPECIAL FORCES, WIE DURFT WINT",2024,21,9
MAXIMA,2024,6,6
RUITERS,2024,5,5
F1. WK. GP. CANADA (S.),2024,2,1
"BOER ZKT VROUW, 20 JAAR",2024,3,3
ATLETIEK. EK. ROME,2024,4,4
NIKS TE ZIEN,2024,6,6
GOUD!,2024,4,4
WIELRENNEN. BALOISE BELGIUM TOUR - RIT 2 MERELBEKE>KNOKKE-HEIST,2024,2,1
WIELRENNEN. BALOISE BELGIUM TOUR,2024,3,1
SAVING PRIVATE RYAN,2024,5,1
GOED GESPEELD!,2024,25,25
GINO'S ITALIAN FAMILY ADVENTURE,2024,2,2
CLIP(S),2024,28,1
WIELRENNEN. BALOISE BELGIUM TOUR - RIT 4 DURBUY>DURBUY,2024,2,1
FOOTLOOSE,2024,2,1
WIELRENNEN. BALOISE BELGIUM TOUR - RIT 5 BRUSSEL>BRUSSEL,2024,2,1
VB. EK. SCHIFT - DUITSLAND/HONGARIJE,2024,2,1
IK VERTREK UIT VLAANDEREN,2024,12,2
FOR THE LOVE OF DOGS,2024,13,8
THE OTHER WOMAN,2024,6,1
JAMIE'S EASY MEALS FOR EVERY DAY,2024,4,1
WE BOUGHT A ZOO,2024,7,1
F1. WK. GP. SPANJE (S.),2024,3,1
AUTO. RALLY BK. IEPER (S.),2024,2,1
VB. EK. SCHIFT - NEDERLAND/OOSTENRIJK,2024,2,1
ERFGENAAM GEZOCHT NL,2024,7,2
"JAN ULLRICH, DE OPGEJAAGDE",2024,2,2
AXEL GAAT BINNEN,2024,32,11
PECH ONDERWEG,2024,6,5
THE BAY,2024,13,4
MYSTERY ROAD,2024,3,3
PLANKGAS NAAR DE SPELEN,2024,5,5
PIPPA,2024,4,1
THE SKY IS THE LIMIT,2024,42,2
THE SHAWSHANK REDEMPTION,2024,3,1
TERUGBLIK. EK VOETBAL EN TOUR DE FRANCE,2024,2,2
MAMMA MIA!,2024,2,1
F1. WK. GP. GROOT-BRITTANNIE (S.),2024,6,1
MAMMA MIA! HERE WE GO AGAIN,2024,4,1
THE CONTRACTOR,2024,2,1
ZOMERNACHTCONCERT UIT SCHONBRUNN,2024,2,1
ATLETIEK. ROME (S.),2024,6,1
ROCK WERCHTER LIVE,2024,4,1
BRAVEHEART,2024,5,1
HOE ZAL IK HET ZEGGEN?,2024,42,4
WALKER,2024,3,1
DE PLAYLIST,2024,15,2
"CONCORDE, THE UNTOLD STORY",2024,2,2
VLAANDEREN FEEST,2024,12,1
ANTOINETTE DANS LES CEVENNES,2024,2,1
MARLEY & ME,2024,2,1
TIEN OM TE ZIEN,2024,25,5
RED SANDRA,2024,2,1
VB. EK. MAGAZINE,2024,9,9
WIELRENNEN. RONDE VAN FRANKRIJK - RIT 15 LOUDENVIELLE>PLATEAU DE BEILLE,2024,2,2
"LAURENT, PRINS OP OVERSCHOT",2024,8,3
WIELRENNEN. RONDE VAN FRANKRIJK - RIT 20 NICE>COL DE LA COUILLOLE,2024,2,2
CHANGELING,2024,2,1
IRVINE WELSH'S CRIME,2024,5,3
GLADIATOR,2024,4,1
VIVE LE VELO,2024,169,15
WIELRENNEN. RONDE VAN FRANKRIJK - RIT 21 MONACO>NICE,2024,2,2
NATIONAAL DEFILE,2024,6,1
DARTS. WORLD MATCHPLAY,2024,5,1
"HELDEN VAN HIER, IN DE LUCHT",2024,38,6
UNDERCOVER,2024,32,4
MIDWAY,2024,2,1
HOLLAND-BELGIE,2024,20,6
WAT ALS?,2024,85,5
WILD CARDS,2024,5,5
KINGDOM OF HEAVEN,2024,2,1
"ALERT, MISSING PERSONS UNIT",2024,5,3
O.S. 2024 TURNEN H.,2024,3,3
O.S. 2024 ZWEMMEN D.,2024,2,2
O.S. 2024 TURNEN D.,2024,3,3
O.S. 2024 ZWEMMEN,2024,5,5
O.S. 2024 ZWEMMEN H.,2024,5,5
FAST & FURIOUS 9,2024,2,1
O.S. 2024 ATLETIEK. DECATLON H.,2024,2,2
FAR FROM THE MADDING CROWD,2024,2,1
THE RESPONDER,2024,5,2
HOMO UNIVERSALIS,2024,23,12
O.S. 2024 HOCKEY H. - BELGIE/SPANJE,2024,2,2
O.S. 2024 BADMINTON H.,2024,2,2
O.S. 2024 PAARDENSPORT. JUMPING H.,2024,3,3
MILJOENENHUIZEN,2024,16,8
O.S. 2024 HOCKEY D. - BELGIE/CHINA,2024,3,3
O.S. 2024 SKATEBOARDEN H.,2024,2,2
O.S. 2024 TAFEL TENNIS H.,2024,3,3
O.S. 2024 TAEKWONDO D. - CHAARI,2024,2,2
O.S. 2024 ATLETIEK - THIAM - VIDTS - SISK - SMET,2024,2,2
O.S. 2024 ATLETIEK D.,2024,2,2
O.S. 2024 BAANWIELRENNEN. H.,2024,4,4
O.S. 2024 BASKETBAL H.,2024,5,5
WIELRENNEN. CLASSICA SAN SEBASTIAN,2024,4,1
FREE GUY,2024,2,1
PARIS BY NIGHT,2024,17,17
O.S. 2024 BAANWIELRENNEN. D.,2024,2,2
O.S. 2024 BASKETBAL D.,2024,3,3
O.S. 2024 VOLLEYBAL D.,2024,2,2
O.S. 2024 ATLETIEK,2024,5,5
O.S. PARIJS 2024,2024,9,9
WIELRENNEN. TOUR OF LEUVEN,2024,3,1
CODE 37,2024,21,13
AVA,2024,2,1
TORPEDO,2024,4,1
DE MUG,2024,28,6
HET VONNIS,2024,3,1
DOSSIER K.,2024,5,1
TOUR DE FRANCE FEMMES MET MAARTEN EN MARIJN,2024,6,6
LES PETITS MEURTRES D'AGATHA CHRISTIE,2024,6,3
JASON BOURNE,2024,3,1
WIELRENNEN. RONDE VAN FRANKRIJK D. - RIT 8 LE GRAND-BORNAND>ALPE D'HUEZ,2024,2,2
MOMENTUM,2024,3,1
B&B ZOEKT LIEF,2024,89,36
ASTRID ET RAPHAELLE,2024,7,7
THE REUNION,2024,3,3
BELPOP,2024,9,2
"THE ADVENTURES OF TINTIN, THE SECRET OF THE UNICORN",2024,3,1
SUSPECT,2024,2,1
HARRY POTTER AND THE SORCERER'S STONE,2024,3,1
BLIND GEKOCHT NL,2024,8,6
VERSCHOTEN & ZOON,2024,48,8
FERRY,2024,3,1
TOPDOKTERS,2024,116,6
NIVEAU 4,2024,65,5
"EENMAAL, ANDERMAAL",2024,43,27
GEUBELS EN DE BELGEN,2024,123,14
SPOED 24/7,2024,87,4
HET JACHTSEIZOEN,2024,21,6
MET VIER IN BED,2024,220,36
DE MOSTERD VAN MEUS,2024,12,12
TELEFACTS ZOMER,2024,147,32
"ICE AGE 3, DAWN OF THE DINOSAURS",2024,4,1
GONE GIRL,2024,4,1
ELSBETH,2024,4,4
HARRY POTTER AND THE CHAMBER OF SECRETS,2024,5,1
ZOMERHIT,2024,3,3
TIEN OM TE ZIEN (2024),2024,7,7
REMARKABLE PLACES TO EAT,2024,4,3
NIETS TE MELDEN,2024,6,6
"BAANTJER, HET BEGIN",2024,7,7
STURM DER LIEBE,2024,283,6
HARRY POTTER AND THE PRISONER OF AZKABAN,2024,6,1
LOSLOPEND WILD & GEVOGELTE,2024,35,17
EEN DAG IN PARIJS,2024,7,7
BERT EN BAVO GAAN OLYMPISCH,2024,4,4
WIELRENNEN. VUELTA - RIT 21 MADRID>MADRID,2024,2,2
WIELRENNEN. EK. LIMBURG D.,2024,2,2
HARRY POTTER AND THE GOBLET OF FIRE,2024,6,1
CHALLAS EN DE KOST,2024,6,6
ATLETIEK. MEMORIAL IVO VAN DAMME,2024,8,2
HUSS,2024,8,3
AMBULANCE,2024,3,1
WIELRENNEN. EK. LIMBURG H.,2024,2,2
VB. C1 UEFA SCHIFT - CL.BRUGGE/DORTMUND,2024,3,1
DE KROONGETUIGEN,2024,36,14
KAREN PIRIE,2024,6,3
"HET LANDGOED VAN DE STOKSTAARTJES, OPKOMST VAN DE DYNASTIE",2024,3,3
"CONVICTION, THE CASE OF STEPHEN LAWRENCE",2024,2,2
DE GOUDVIS,2024,4,4
"ZILLION, THE LOST TAPES",2024,4,4
KOMEN ETEN,2024,31,16
WIELRENNEN. WK. ZURICH D.,2024,2,2
THE ZOO,2024,61,7
HOMEFRONT,2024,3,1
VIVA VERMEIRE,2024,16,1
WIELRENNEN. WK. ZURICH H.,2024,3,3
EUCHARISTIEVIERING,2024,2,1
"HELDEN VAN HIER, OP INTERVENTIE",2024,27,3
KALM WAES,2024,5,5
BILLIE VS BENJAMIN,2024,9,4
JEANKE IN AMERIKA,2024,2,1
WIELRENNEN. WK. GRAVEL H.,2024,2,1
CELEBRITY KLOPJACHT,2024,6,6
WIELRENNEN. PARIJS-TOURS,2024,7,1
WILLY'S BOOT,2024,5,5
"JANI & JAMES, DOEN-HET-ZELF",2024,8,8
EERSTE KEUS,2024,8,8
JAN LEYERS BIJ DE DUITSERS,2024,6,6
"HELDEN VAN HIER, POLITIE AALST",2024,10,10
DERTIGERS,2024,149,23
BLUR,2024,2,2
WIELRENNEN. RONDE VAN LOMBARDIJE,2024,6,1
HET GROOT DEBAT,2024,2,2
VELDRIJDEN. BERINGEN H.,2024,3,1
VELDRIJDEN. BERINGEN D.,2024,3,1
KIES24,2024,2,2
DARTS. GRAND PRIX,2024,5,3
DE PREMIER,2024,2,1
"STEENRIJK, STRAATARM",2024,20,1
AXEL IN AMERIKA,2024,11,11
CRIMINAL MINDS,2024,20,4
FURY,2024,3,1
VB. NATIONS LEAGUE UEFA - BELGIE/FRANKRIJK,2024,2,2
ENQUETE BUREAU,2024,9,9
MIDSOMER MURDERS,2024,108,10
FANTASTIC BEASTS AND WHERE TO FIND THEM,2024,2,1
VELDRIJDEN. ESSEN H.,2024,8,1
VELDRIJDEN. ESSEN D.,2024,7,1
THE LONG SHADOW,2024,4,4
TENNIS. EUROPEAN OPEN,2024,2,1
OOIT VRIJ,2024,34,9
40 JAAR REILEN & HEYLEN,2024,10,10
VELDRIJDEN. OVERIJSE (S.),2024,3,1
BORN TO BE WILD,2024,21,6
VELDRIJDEN. KOPPENBERG H.,2024,5,1
THE TOWER,2024,4,2
VELDRIJDEN. KOPPENBERG D.,2024,5,1
IS ER EEN DOKTER IN DE ZAAL?,2024,44,8
"FERRY, DE SERIE",2024,9,9
KOTMADAM SARAFIAN,2024,13,13
ERFGENAAM GEZOCHT,2024,37,17
"HET VATICAAN, DE STAAT VAN DE KERK",2024,3,3
TSUNAMI,2024,3,3
WIE ZOEKT DIE WINT,2024,12,4
22 KIDS AND COUNTING,2024,4,1
MISSING PEOPLE,2024,3,3
VELDRIJDEN. LOKEREN H.,2024,5,1
VELDRIJDEN. LOKEREN D.,2024,2,1
VELDRIJDEN. NIEL (S.),2024,2,1
WITSE,2024,513,102
MENOPAUZIA,2024,3,3
VB. NATIONS LEAGUE UEFA - BELGIE/ITALIE,2024,2,2
"HIJ KOMT, HIJ KOMT!",2024,9,1
VB. NATIONS LEAGUE UEFA - BELGIE/ISRAEL,2024,2,2
VELDRIJDEN. HAMME H.,2024,6,2
VELDRIJDEN. HAMME D.,2024,6,2
BAANWIELRENNEN. 6-DAAGSE VAN GENT,2024,2,1
FOUND,2024,4,4
WIJ ZIJN VAN NIENOF!,2024,9,9
VAN DER VALK,2024,9,3
EXPEDITIE PAIRI DAIZA,2024,168,17
"DE VERRADERS, DE RONDE TAFEL",2024,20,10
F1. WK. GP. LAS VEGAS (S.),2024,2,1
DE HAVEN,2024,6,6
THE MASKED SINGER,2024,52,13
SHETLAND,2024,21,5
THE FLOOR,2024,9,9
THE BEAST MUST DIE,2024,3,3
POLITIERECHTERS,2024,15,15
DE VERRADERS,2024,32,11
DWARS DOOR DE LAGE LANDEN,2024,23,14
HET EILAND,2024,24,11
WATER EN VUUR,2024,18,18
"HELDEN VAN HIER, DE MUG, HELI",2024,4,4
DAT EET DAN GELUKKIG ZIJN,2024,13,10
THE LION KING (2019),2024,2,1
MURDER IN PROVENCE,2024,5,2
BAGAGE,2024,10,7
OVER DE OCEAAN,2024,27,8
"THE MASKED SINGER, BEHIND THE MASK",2024,43,13
BLIND GETROUWD,2024,100,13
20 JAAR HET EILAND,2024,2,2
LEVEN IN VERLENGINGEN,2024,3,3
KNAPPE KOPPEN,2024,4,4
HERTOGINNEDAL,2024,4,4
D.I. RAY,2024,5,3
THE EQUALIZER 2,2024,4,1
VELDRIJDEN. HERENTALS H.,2024,5,1
VELDRIJDEN. HERENTALS D.,2024,5,1
DE FAMILIE CLAUS,2024,4,1
TOMB RAIDER,2024,3,1
"NCIS, HAWAII",2024,9,8
NADIYA'S ASIAN ODYSSEY,2024,2,2
VELDRIJDEN. NAMEN (S.),2024,6,1
HET HUIS,2024,56,21
VER VAN HUIS,2024,6,6
STUKKEN VAN DEALERS,2024,6,6
DE SLIMSTE MENS TER WERELD,2024,325,40
DE GROTE BOODSCHAP,2024,6,6
STERREGEM,2024,17,17
DE SLIMSTE TAFEL,2024,2,1
GEUBELS GAAT IN BAD,2024,2,2
THE ROOKIE,2024,11,8
CHANTAL,2024,21,13
VRANCKX,2024,287,28
VILLA POLITICA,2024,123,1
VERSLAAFD!,2024,8,2
THE GYMNASTS,2024,2,2
THE IMPOSSIBLE,2024,2,1
DE COLUMBUS,2024,55,9
VELDRIJDEN. ZONHOVEN H.,2024,3,1
VELDRIJDEN. ZONHOVEN D.,2024,2,1
TURNEN GYMGALA,2024,3,1
LOSLOPEND KERSTWILD,2024,6,1
"BDW, POLITIEK BEEST",2024,2,2
DE VERHULSTJES,2024,48,12
STUKKEN VAN MENSEN,2024,134,38
DE WARMSTE WEEK,2024,20,7
SINGLE BELLS,2024,12,12
HOME ALONE,2024,9,1
"NIGHT AT THE MUSEUM, SECRET OF THE TOMB",2024,4,1
"REGI, LIVE IN HET SPORTPALEIS",2024,3,1
BAKE OFF VLAANDEREN,2024,75,11
ONZE NATUUR,2024,14,1
BEAUTY AND THE BEAST,2024,3,1
TELEFACTS,2024,126,5
VELDRIJDEN. GAVERE H.,2024,3,1
VELDRIJDEN. GAVERE D.,2024,3,1
VELDRIJDEN. LOENHOUT H.,2024,4,1
VELDRIJDEN. LOENHOUT D.,2024,4,1
DE KOTMADAM,2024,443,75
2 GUNS,2024,5,1
ONDER VUUR,2024,30,8
HET CONCLAAF VAN 2024,2024,4,4
"BLIND GETROUWD, HET VIJFDE HUWELIJK",2024,3,3
BESTEMMING X-MAS,2024,2,2
TRUE CRIME BELGIUM,2024,27,11
VELDRIJDEN. DIEGEM H.,2024,3,1
DE FILM VAN HET JAAR,2024,3,1
VELDRIJDEN. DIEGEM D.,2024,2,1
HOME ALONE II,2024,8,1
Q POP,2024,3,1
THE MASKED SINGER IN CONCERT,2024,2,2
RADIO 2,2024,5,3
BAD BOYS,2024,2,1
"ABBA, AGAINST THE ODDS",2024,3,3
VELDRIJDEN. GP. SVEN NYS H.,2025,5,1
NIEUWJAARSCONCERT,2025,8,1
OVERZICHT PARALYMPISCHE SPELEN,2025,2,1
"ALEX AGNEW, WAKE ME UP WHEN IT'S OVER",2025,2,1
VELDRIJDEN. GP. SVEN NYS D.,2025,6,1
NIGHT OF THE PROMS,2025,11,1
DAG & BEDANKT,2025,8,1
VERGEET BARBARA,2025,2,1
SWITCH,2025,422,3
VELDRIJDEN. KOKSIJDE H.,2025,7,1
VELDRIJDEN. KOKSIJDE D.,2025,7,1
DARTS. WK,2025,32,2
DE TIEN OM TE ZIEN,2025,8,1
HECTOR,2025,3,1
VELDRIJDEN. GULLEGEM (S.),2025,2,1
VREDE OP AARDE,2025,90,4
VELDRIJDEN. DENDERMONDE H.,2025,3,1
VELDRIJDEN. DENDERMONDE D.,2025,3,1
"SPORTJAAR 2024, BLINKENDE BELGEN",2025,2,1
"TE LAND, TER ZEE EN IN DE LUCHT",2025,4,1
VB. BB. 1/4F - CL.BRUGGE/LEUVEN,2025,2,1
"MOORDZAKEN, EEUWIGE TWIJFEL?",2025,18,2
TROM,2025,5,1
VELDRIJDEN. HEUSDEN-ZOLDER D.,2025,3,1
KOKO FLANEL,2025,5,1
LEWIS,2025,32,2
NOW YOU SEE ME,2025,5,1
VELDRIJDEN. HEUSDEN-ZOLDER H.,2025,3,1
VB. JUPILER PRO LEAGUE - RSC ANDERLECHT - CLUB BRUGGE,2025,2,1
"LIEVEN SCHEIRE, AI",2025,2,2
MCDONALD & DODDS,2025,17,3
THE EQUALIZER,2025,8,1
DE WITTE VAN SICHEM,2025,5,1
BASKET. BNXT LEAGUE (S.),2025,2,1
"DNA, DE ZAALSHOW",2025,4,1
VELDRIJDEN. MAASMECHELEN H.,2025,3,1
VELDRIJDEN. MAASMECHELEN D.,2025,3,1
NIGHTSLEEPER,2025,3,3
SOEUR SOURIRE,2025,2,1
HET GALA VAN DE GOUDEN K'S,2025,6,1
DNA NYS,2025,20,1
GOED GEPLANT,2025,26,3
MUSIC INDUSTRY AWARDS,2025,8,1
VB. C1 UEFA SCHIFT - MANCHESTER C./CL.BRUGGE,2025,2,1
FC DE VOORZITTERS,2025,2,2
WINWIN,2025,23,23
EUROSONG,2025,9,3
DE 25,2025,171,5
THE HITMAN'S BODYGUARD,2025,7,1
VELDRIJDEN. WK. LIEVIN H. - BELOFTEN,2025,2,2
FBI,2025,28,4
DE RECHTBANK,2025,119,4
DE GOUDEN SCHOEN,2025,9,1
PROFESSOR T.,2025,171,25
KASTAARS!,2025,3,1
VELDRIJDEN. MIDDELKERKE (S.),2025,4,1
VELDRIJDEN. LILLE H.,2025,8,1
VELDRIJDEN. LILLE D.,2025,8,1
KUNNEN WE OVEREENKOMEN?,2025,6,6
JAMES & CO,2025,12,12
VELDRIJDEN. SINT-NIKLAAS H.,2025,7,1
VELDRIJDEN. SINT-NIKLAAS D.,2025,6,1
SCHEIRE EN DE SCHEPPING,2025,22,2
VELDRIJDEN. BRUSSEL H.,2025,7,1
VELDRIJDEN. BRUSSEL D.,2025,7,1
"JAMES, DE MUSICAL",2025,24,1
SERGIO OVER DE GRENS,2025,39,8
BOER ZKT VROUW,2025,40,13
DE HELDEN VAN ARNOUT,2025,16,8
THOSE WHO KILL,2025,8,4
THE KING'S MAN,2025,3,1
DE RUGZAK,2025,9,8
THE TATTOOIST OF AUSCHWITZ,2025,4,4
WIELRENNEN. OMLOOP HET NIEUWSBLAD,2025,3,1
EEN ECHTE JOB,2025,36,8
VOORBIJ DE SCHAAMTE,2025,3,3
LUDWIG,2025,3,3
WIELRENNEN. OMLOOP HET NIEUWSBLAD H.,2025,6,1
WIELRENNEN. OMLOOP HET NIEUWSBLAD D.,2025,4,1
12 YEARS A SLAVE,2025,2,1
WIELRENNEN. KUURNE-BRUSSEL-KUURNE,2025,9,1
HET HOGE NOORDEN,2025,36,10
"DE EXPEDITIE, NAMIBIE",2025,10,10
BESTEMMING X,2025,22,10
VREDERECHTERS,2025,34,10
WIELRENNEN. GP. SAMYN H.,2025,6,1
WIELRENNEN. GP. SAMYN D.,2025,3,1
DE KROKUSQUIZ,2025,4,4
LICHTPUNTJES TEGEN KANKER,2025,16,5
THE REPAIR SHOP,2025,43,10
LINE OF DUTY,2025,22,1
WIELRENNEN. STRADE BIANCHE,2025,2,2
ZIE MIJ GRAAG,2025,91,3
ARCADIA,2025,25,11
DE NOODCENTRALE,2025,66,7
HET PARKET,2025,45,4
LOCKDOWN,2025,5,1
IK VRAAG HET AAN,2025,24,10
THE ZELENSKY STORY,2025,2,2
LIFE HAPPENS,2025,9,9
LIFT YOU UP,2025,8,8
WIELRENNEN. PARIJS-NICE - RIT 7 NICE>AURON,2025,2,1
PROTECTION,2025,3,3
WIELRENNEN. PARIJS-NICE - RIT 8 NICE>NICE,2025,6,1
F1. WK. GP. AUSTRALIA (S.),2025,4,1
"FBI, MOST WANTED",2025,21,6
"ROB DE NIJS, VOOR HET LAATST",2025,4,2
"CAMPING COPPENS, HOME SWEDEN HOME",2025,15,4
WIELRENNEN. NOKERE KOERSE H.,2025,4,1
WIELRENNEN. BREDENE KOKSIJDE CLASSIC,2025,6,1
WIELRENNEN. MILAAN-SAN REMO,2025,8,1
EXPEDITIE GOORIS,2025,31,12
BAD BOYS FOR LIFE,2025,5,1
PEARL HARBOR,2025,4,1
WIELRENNEN. CLASSIC BRUGGE-DE PANNE H.,2025,2,1
DE DAG VAN VANDAAG,2025,131,43
ZONDER STERREN,2025,6,6
WIELRENNEN. E3 SAXO BANK CLASSIC,2025,5,1
THE GOOD DOCTOR,2025,119,10
WHITE OUT,2025,4,4
NAVY NCIS,2025,67,2
WIELRENNEN. GENT-WEVELGEM H.,2025,10,1
WIELRENNEN. GENT-WEVELGEM D.,2025,8,1
"STEVE STEVAERT, DE SCHADUW VAN DE MACHT",2025,4,4
DOOD SPOOR,2025,6,6
WIELRENNEN. DWARS DOOR VLAANDEREN,2025,8,1
"VIVE LE VELO, LEVE DE RONDE",2025,28,4
BIG BROTHER,2025,247,43
DE DROOMFABRIEK,2025,16,8
LOSLOPEND WILD,2025,113,9
STHLM REQUIEM,2025,7,3
MAN BIJT HOND,2025,53,53
#LIKEME,2025,56,25
WIELRENNEN. RONDE VAN VLAANDEREN D.,2025,5,1
F1. WK. GP. JAPAN (S.),2025,4,1
THE DAY OF THE JACKAL,2025,5,5
WIELRENNEN. RONDE VAN VLAANDEREN H.,2025,12,2
WELKOM AAN BOORD,2025,10,10
WIELRENNEN. SCHELDEPRIJS,2025,9,1
DE RIDDER,2025,150,46
CHATEAU MEILAND EN ROUTE,2025,9,9
WIELRENNEN. PARIJS-ROUBAIX D.,2025,5,1
LEGO MASTERS,2025,38,9
DE WEEK VAN BRUZZ,2025,54,2
WIELRENNEN. PARIJS-ROUBAIX H.,2025,3,1
DE INZICHTEN VAN...,2025,2,1
"JEHOVA, VAN GOD LOS",2025,2,2
FACTCHECKERS,2025,54,8
DE VUILSTE JOBS VAN VLAANDEREN,2025,10,2
CELEBRITY MASTERCHEF,2025,36,12
WIELRENNEN. RONDE VAN LIMBURG,2025,8,1
KNOKKE OFF,2025,14,8
"HELDEN VAN HIER, POLITIE OOSTENDE",2025,16,1
MAKE UP YOUR MIND,2025,6,5
WIELRENNEN. BRABANTSE PIJL,2025,9,1
NORTH SHORE,2025,3,3
EEN JAAR OP ZEE,2025,16,8
VLAANDEREN VAKANTIELAND,2025,145,6
A DOG'S WAY HOME,2025,2,1
FIRST DATES,2025,218,2
S.O.S. PIET XL,2025,59,9
WIELRENNEN. AMSTEL GOLD RACE H.,2025,7,1
WIELRENNEN. AMSTEL GOLD RACE D.,2025,7,1
DIERENDOKTERS 24/7,2025,60,17
ONDERZOEKSRECHTERS,2025,32,7
PANO,2025,139,6
WIELRENNEN. WAALSE PIJL H.,2025,6,1
WIELRENNEN. WAALSE PIJL D.,2025,2,1
MIJN JEUGDRECHTER,2025,5,5
GELUKKIG GESCHEIDEN,2025,10,10
ATOMIC BLONDE,2025,3,1
CODE VAN COPPENS,2025,71,2
WIELRENNEN. LUIK-BASTENAKEN-LUIK H.,2025,6,1
"FBI, INTERNATIONAL",2025,13,6
VB. JUPILER PRO LEAGUE - R. UNION ST.-G. - CLUB BRUGGE,2025,2,1
WILDLIFE,2025,9,8
"KUNG FU, HELDEN",2025,8,8
"MOORDZAKEN, WETSDOKTERS",2025,15,7
MIJN EERSTE REIS,2025,16,8
HET GROTE SONGFESTIVALFEEST,2025,5,2
IK HEB HET U LETTERLIJK JUIST GEZEGD,2025,21,1
"JACK REACHER, NEVER GO BACK",2025,7,1
URBANUS VAN BINNEN,2025,4,4
DE JAREN 80 VOOR TIENERS,2025,25,4
LONG BRIGHT RIVER,2025,4,4
DEATH ON THE NILE,2025,3,1
BLACK WIDOW,2025,2,1
THERAPIE,2025,7,1
EXTRA JOURNAAL,2025,5,3
WONDER BOVEN WONDER,2025,2,2
EXTRA NIEUWS,2025,11,2
112 HULP IS ONDERWEG,2025,12,3
GRACE,2025,8,3
9-1-1,2025,73,6
TER ZAKE,2025,1022,57
CAFE DE MOL,2025,60,9
"HELDEN VAN HIER, DE MUG",2025,50,10
VERA,2025,87,7
"NCIS, SYDNEY",2025,5,2
VB. JUPILER PRO LEAGUE - KRC GENK - CLUB BRUGGE,2025,2,1
EXTRA TIME,2025,151,3
MARRIED AT FIRST SIGHT,2025,14,1
LIEFDE VOOR MUZIEK,2025,96,11
ONTROUW,2025,4,4
KAMP JEROOM,2025,15,7
MARKTKRAMERS,2025,8,8
I CAN SEE YOUR VOICE,2025,34,4
LA VIE EN ROSE,2025,9,2
RIDLEY,2025,5,1
THE REAL HOUSEWIVES OF ANTWERP,2025,6,6
DE CLUB,2025,40,2
EUROVISIE SONGFESTIVAL,2025,16,3
FC DE KAMPIOENEN,2025,707,18
EUROVISION HALLO BASEL,2025,2,2
HET ECHTE LEVEN IN DE ZOO,2025,37,17
OXEN,2025,2,2
SKYSCRAPER,2025,2,1
DOWN THE ROAD,2025,81,6
DE MARKT,2025,133,12
ANDERMANS ZAKEN,2025,46,15
DE MOL,2025,82,9
CHATEAU PLANCKAERT,2025,151,9
SPORTWEEKEND,2025,375,19
DANCING WITH THE STARS,2025,35,11
DE ZEVENDE DAG,2025,299,14
ALLOO BIJ DE VERKEERSPOLITIE,2025,78,13
DE IDEALE WERELD,2025,147,14
SPORTS LATE NIGHT,2025,588,30
GIRO MAGAZINE,2025,36,5
CYCL. GIRO D'ITALIA,2025,21,4
BLIND GEKOCHT,2025,75,5
GLORIA MUNDI,2025,3,3
ZE ZEGGEN DAT,2025,56,3
"ZELFDE DEUR, 20 JAAR LATER",2025,21,3
HUIZENJAGERS,2025,223,24
MET DE WIND MEE,2025,13,4
HUIS GEMAAKT,2025,75,24
ASSISEN,2025,21,7
POLITIE 24/7,2025,67,4
HET JOURNAAL LAAT,2025,2644,126
FLIKKEN MAASTRICHT,2025,211,31
THUIS,2025,1883,101
HET 7 UUR-JOURNAAL,2025,3085,141
"ONS HUIS, NIEUW HUIS",2025,25,6
IEDEREEN BEROEMD,2025,1939,40
FAMILIE,2025,1888,101
NIEUWS 19U VTM,2025,3099,141
VIVA LA FETA,2025,32,5
BLOKKEN,2025,1891,102
HET 1 UUR-JOURNAAL,2025,3089,141
MILO,2025,246,81
"EEN ECHTE JOB, VROEDVROUW AN",2025,3,3
DAGELIJKSE KOST,2025,1127,105
CAMPUS CUP,2025,118,3
RECHT OP RECHT,2025,41,9
BAR GOENS,2025,15,15
DE TAFEL VAN GERT,2025,237,63
DE AFSPRAAK,2025,1197,63
NIEUWS 13U VTM,2025,2900,121
